{
  "$id": "1",
  "FindCondition": {
    "$id": "2",
    "Strategies": [
      {
        "$id": "3",
        "StrategyType": "ParentBased",
        "Specifiers": [
          {
            "$id": "4",
            "$type": "LeapTest.Models.Models.Web.XPath.AxisSpecifiers.XSpecifier, LeapTest.Models",
            "Criterias": [
              {
                "$id": "5",
                "$type": "LeapTest.Models.Models.Web.XPath.Expressions.XTextExpression, LeapTest.Models",
                "Text": "Savings from salary/",
                "Condition": "StartWith",
                "IsPositive": true
              }
            ],
            "XValue": "label",
            "SpecifierType": "Descended"
          }
        ],
        "IsSelectedForExecute": true
      },
      {
        "$id": "6",
        "StrategyType": "ParentBased",
        "Specifiers": [
          {
            "$id": "7",
            "$type": "LeapTest.Models.Models.Web.XPath.AxisSpecifiers.XSpecifier, LeapTest.Models",
            "Criterias": [
              {
                "$id": "8",
                "$type": "LeapTest.Models.Models.Web.XPath.Expressions.XAttributeExpression, LeapTest.Models",
                "Name": "id",
                "Value": "dcf-container-dcf-field-PrimarySourcesofWealth",
                "IsPositive": true
              }
            ],
            "XValue": "div",
            "SpecifierType": "Descended"
          },
          {
            "$id": "9",
            "$type": "LeapTest.Models.Models.Web.XPath.AxisSpecifiers.XSpecifier, LeapTest.Models",
            "Criterias": [
              {
                "$id": "10",
                "$type": "LeapTest.Models.Models.Web.XPath.Expressions.XTextExpression, LeapTest.Models",
                "Text": "Savings from salary/",
                "Condition": "StartWith",
                "IsPositive": true
              }
            ],
            "XValue": "label",
            "SpecifierType": "Descended"
          }
        ]
      },
      {
        "$id": "11",
        "StrategyType": "ParentBased",
        "Specifiers": [
          {
            "$id": "12",
            "$type": "LeapTest.Models.Models.Web.XPath.AxisSpecifiers.XSpecifier, LeapTest.Models",
            "Criterias": [
              {
                "$id": "13",
                "$type": "LeapTest.Models.Models.Web.XPath.Expressions.XAttributeExpression, LeapTest.Models",
                "Name": "id",
                "Value": "dcf-container-dcf-field-PrimarySourcesofWealth",
                "IsPositive": true
              }
            ],
            "XValue": "div",
            "SpecifierType": "Descended"
          },
          {
            "$id": "14",
            "$type": "LeapTest.Models.Models.Web.XPath.AxisSpecifiers.XSpecifier, LeapTest.Models",
            "Criterias": [
              {
                "$id": "15",
                "$type": "LeapTest.Models.Models.Web.XPath.Expressions.XAttributeExpression, LeapTest.Models",
                "Name": "class",
                "Value": "checkbox",
                "IsPositive": true
              },
              {
                "$id": "16",
                "$type": "LeapTest.Models.Models.Web.XPath.Expressions.XTextExpression, LeapTest.Models",
                "Text": "Savings from salary/",
                "Condition": "StartWith",
                "IsPositive": true
              }
            ],
            "XValue": "label",
            "SpecifierType": "Descended"
          }
        ]
      },
      {
        "$id": "17",
        "StrategyType": "ParentBased",
        "Occurence": "1",
        "Specifiers": [
          {
            "$id": "18",
            "$type": "LeapTest.Models.Models.Web.XPath.AxisSpecifiers.XSpecifier, LeapTest.Models",
            "Criterias": [
              {
                "$id": "19",
                "$type": "LeapTest.Models.Models.Web.XPath.Expressions.XAttributeExpression, LeapTest.Models",
                "Name": "id",
                "Value": "dcf-container-dcf-field-PrimarySourcesofWealth",
                "IsPositive": true
              }
            ],
            "XValue": "div",
            "SpecifierType": "Descended"
          },
          {
            "$id": "20",
            "$type": "LeapTest.Models.Models.Web.XPath.AxisSpecifiers.XSpecifier, LeapTest.Models",
            "Criterias": [
              {
                "$id": "21",
                "$type": "LeapTest.Models.Models.Web.XPath.Expressions.XAttributeExpression, LeapTest.Models",
                "Name": "class",
                "Value": "checkbox",
                "IsPositive": true
              }
            ],
            "XValue": "label",
            "SpecifierType": "Descended"
          }
        ]
      },
      {
        "$id": "22",
        "StrategyType": "ParentBased",
        "Specifiers": [
          {
            "$id": "23",
            "$type": "LeapTest.Models.Models.Web.XPath.AxisSpecifiers.XSpecifier, LeapTest.Models",
            "Criterias": [
              {
                "$id": "24",
                "$type": "LeapTest.Models.Models.Web.XPath.Expressions.XAttributeExpression, LeapTest.Models",
                "Name": "id",
                "Value": "dcf-container-dcf-field-PrimarySourcesofWealth",
                "IsPositive": true
              }
            ],
            "XValue": "div",
            "SpecifierType": "Descended"
          },
          {
            "$id": "25",
            "$type": "LeapTest.Models.Models.Web.XPath.AxisSpecifiers.XSpecifier, LeapTest.Models",
            "Criterias": [],
            "XValue": "div"
          },
          {
            "$id": "26",
            "$type": "LeapTest.Models.Models.Web.XPath.AxisSpecifiers.XSpecifier, LeapTest.Models",
            "Criterias": [
              {
                "$id": "27",
                "$type": "LeapTest.Models.Models.Web.XPath.Expressions.XTextExpression, LeapTest.Models",
                "Text": "Savings from salary/",
                "Condition": "StartWith",
                "IsPositive": true
              }
            ],
            "XValue": "label",
            "SpecifierType": "Descended"
          }
        ]
      },
      {
        "$id": "28",
        "StrategyType": "ParentBased",
        "Specifiers": [
          {
            "$id": "29",
            "$type": "LeapTest.Models.Models.Web.XPath.AxisSpecifiers.XSpecifier, LeapTest.Models",
            "Criterias": [
              {
                "$id": "30",
                "$type": "LeapTest.Models.Models.Web.XPath.Expressions.XAttributeExpression, LeapTest.Models",
                "Name": "id",
                "Value": "dcf-container-dcf-field-PrimarySourcesofWealth",
                "IsPositive": true
              }
            ],
            "XValue": "div",
            "SpecifierType": "Descended"
          },
          {
            "$id": "31",
            "$type": "LeapTest.Models.Models.Web.XPath.AxisSpecifiers.XSpecifier, LeapTest.Models",
            "Criterias": [],
            "XValue": "div"
          },
          {
            "$id": "32",
            "$type": "LeapTest.Models.Models.Web.XPath.AxisSpecifiers.XSpecifier, LeapTest.Models",
            "Criterias": [
              {
                "$id": "33",
                "$type": "LeapTest.Models.Models.Web.XPath.Expressions.XAttributeExpression, LeapTest.Models",
                "Name": "class",
                "Value": "checkbox",
                "IsPositive": true
              },
              {
                "$id": "34",
                "$type": "LeapTest.Models.Models.Web.XPath.Expressions.XTextExpression, LeapTest.Models",
                "Text": "Savings from salary/",
                "Condition": "StartWith",
                "IsPositive": true
              }
            ],
            "XValue": "label",
            "SpecifierType": "Descended"
          }
        ]
      },
      {
        "$id": "35",
        "StrategyType": "ParentBased",
        "Occurence": "1",
        "Specifiers": [
          {
            "$id": "36",
            "$type": "LeapTest.Models.Models.Web.XPath.AxisSpecifiers.XSpecifier, LeapTest.Models",
            "Criterias": [
              {
                "$id": "37",
                "$type": "LeapTest.Models.Models.Web.XPath.Expressions.XAttributeExpression, LeapTest.Models",
                "Name": "id",
                "Value": "dcf-container-dcf-field-PrimarySourcesofWealth",
                "IsPositive": true
              }
            ],
            "XValue": "div",
            "SpecifierType": "Descended"
          },
          {
            "$id": "38",
            "$type": "LeapTest.Models.Models.Web.XPath.AxisSpecifiers.XSpecifier, LeapTest.Models",
            "Criterias": [],
            "XValue": "div"
          },
          {
            "$id": "39",
            "$type": "LeapTest.Models.Models.Web.XPath.AxisSpecifiers.XSpecifier, LeapTest.Models",
            "Criterias": [
              {
                "$id": "40",
                "$type": "LeapTest.Models.Models.Web.XPath.Expressions.XAttributeExpression, LeapTest.Models",
                "Name": "class",
                "Value": "checkbox",
                "IsPositive": true
              }
            ],
            "XValue": "label",
            "SpecifierType": "Descended"
          }
        ]
      },
      {
        "$id": "41",
        "StrategyType": "ParentBased",
        "Specifiers": [
          {
            "$id": "42",
            "$type": "LeapTest.Models.Models.Web.XPath.AxisSpecifiers.XSpecifier, LeapTest.Models",
            "Criterias": [
              {
                "$id": "43",
                "$type": "LeapTest.Models.Models.Web.XPath.Expressions.XAttributeExpression, LeapTest.Models",
                "Name": "id",
                "Value": "dcf-container-dcf-field-PrimarySourcesofWealth",
                "IsPositive": true
              }
            ],
            "XValue": "div",
            "SpecifierType": "Descended"
          },
          {
            "$id": "44",
            "$type": "LeapTest.Models.Models.Web.XPath.AxisSpecifiers.XSpecifier, LeapTest.Models",
            "Criterias": [
              {
                "$id": "45",
                "$type": "LeapTest.Models.Models.Web.XPath.Expressions.XAttributeExpression, LeapTest.Models",
                "Name": "class",
                "Value": "checkbox-field",
                "IsPositive": true
              }
            ],
            "XValue": "div"
          },
          {
            "$id": "46",
            "$type": "LeapTest.Models.Models.Web.XPath.AxisSpecifiers.XSpecifier, LeapTest.Models",
            "Criterias": [
              {
                "$id": "47",
                "$type": "LeapTest.Models.Models.Web.XPath.Expressions.XTextExpression, LeapTest.Models",
                "Text": "Savings from salary/",
                "Condition": "StartWith",
                "IsPositive": true
              }
            ],
            "XValue": "label",
            "SpecifierType": "Descended"
          }
        ]
      },
      {
        "$id": "48",
        "StrategyType": "ParentBased",
        "Specifiers": [
          {
            "$id": "49",
            "$type": "LeapTest.Models.Models.Web.XPath.AxisSpecifiers.XSpecifier, LeapTest.Models",
            "Criterias": [
              {
                "$id": "50",
                "$type": "LeapTest.Models.Models.Web.XPath.Expressions.XAttributeExpression, LeapTest.Models",
                "Name": "id",
                "Value": "dcf-container-dcf-field-PrimarySourcesofWealth",
                "IsPositive": true
              }
            ],
            "XValue": "div",
            "SpecifierType": "Descended"
          },
          {
            "$id": "51",
            "$type": "LeapTest.Models.Models.Web.XPath.AxisSpecifiers.XSpecifier, LeapTest.Models",
            "Criterias": [
              {
                "$id": "52",
                "$type": "LeapTest.Models.Models.Web.XPath.Expressions.XAttributeExpression, LeapTest.Models",
                "Name": "class",
                "Value": "checkbox-field",
                "IsPositive": true
              }
            ],
            "XValue": "div"
          },
          {
            "$id": "53",
            "$type": "LeapTest.Models.Models.Web.XPath.AxisSpecifiers.XSpecifier, LeapTest.Models",
            "Criterias": [
              {
                "$id": "54",
                "$type": "LeapTest.Models.Models.Web.XPath.Expressions.XAttributeExpression, LeapTest.Models",
                "Name": "class",
                "Value": "checkbox",
                "IsPositive": true
              },
              {
                "$id": "55",
                "$type": "LeapTest.Models.Models.Web.XPath.Expressions.XTextExpression, LeapTest.Models",
                "Text": "Savings from salary/",
                "Condition": "StartWith",
                "IsPositive": true
              }
            ],
            "XValue": "label",
            "SpecifierType": "Descended"
          }
        ]
      },
      {
        "$id": "56",
        "StrategyType": "ParentBased",
        "Occurence": "1",
        "Specifiers": [
          {
            "$id": "57",
            "$type": "LeapTest.Models.Models.Web.XPath.AxisSpecifiers.XSpecifier, LeapTest.Models",
            "Criterias": [
              {
                "$id": "58",
                "$type": "LeapTest.Models.Models.Web.XPath.Expressions.XAttributeExpression, LeapTest.Models",
                "Name": "id",
                "Value": "dcf-container-dcf-field-PrimarySourcesofWealth",
                "IsPositive": true
              }
            ],
            "XValue": "div",
            "SpecifierType": "Descended"
          },
          {
            "$id": "59",
            "$type": "LeapTest.Models.Models.Web.XPath.AxisSpecifiers.XSpecifier, LeapTest.Models",
            "Criterias": [
              {
                "$id": "60",
                "$type": "LeapTest.Models.Models.Web.XPath.Expressions.XAttributeExpression, LeapTest.Models",
                "Name": "class",
                "Value": "checkbox-field",
                "IsPositive": true
              }
            ],
            "XValue": "div"
          },
          {
            "$id": "61",
            "$type": "LeapTest.Models.Models.Web.XPath.AxisSpecifiers.XSpecifier, LeapTest.Models",
            "Criterias": [
              {
                "$id": "62",
                "$type": "LeapTest.Models.Models.Web.XPath.Expressions.XAttributeExpression, LeapTest.Models",
                "Name": "class",
                "Value": "checkbox",
                "IsPositive": true
              }
            ],
            "XValue": "label",
            "SpecifierType": "Descended"
          }
        ]
      },
      {
        "$id": "63",
        "StrategyType": "ParentBased",
        "Specifiers": [
          {
            "$id": "64",
            "$type": "LeapTest.Models.Models.Web.XPath.AxisSpecifiers.XSpecifier, LeapTest.Models",
            "Criterias": [
              {
                "$id": "65",
                "$type": "LeapTest.Models.Models.Web.XPath.Expressions.XAttributeExpression, LeapTest.Models",
                "Name": "id",
                "Value": "dcf-container-dcf-field-PrimarySourcesofWealth",
                "IsPositive": true
              }
            ],
            "XValue": "div",
            "SpecifierType": "Descended"
          },
          {
            "$id": "66",
            "$type": "LeapTest.Models.Models.Web.XPath.AxisSpecifiers.XSpecifier, LeapTest.Models",
            "Criterias": [
              {
                "$id": "67",
                "$type": "LeapTest.Models.Models.Web.XPath.Expressions.XAttributeExpression, LeapTest.Models",
                "Name": "class",
                "Value": "one-col",
                "IsPositive": true
              }
            ],
            "XValue": "div",
            "SpecifierType": "Descended"
          },
          {
            "$id": "68",
            "$type": "LeapTest.Models.Models.Web.XPath.AxisSpecifiers.XSpecifier, LeapTest.Models",
            "Criterias": [
              {
                "$id": "69",
                "$type": "LeapTest.Models.Models.Web.XPath.Expressions.XTextExpression, LeapTest.Models",
                "Text": "Savings from salary/",
                "Condition": "StartWith",
                "IsPositive": true
              }
            ],
            "XValue": "label",
            "SpecifierType": "Descended"
          }
        ]
      },
      {
        "$id": "70",
        "StrategyType": "ParentBased",
        "Specifiers": [
          {
            "$id": "71",
            "$type": "LeapTest.Models.Models.Web.XPath.AxisSpecifiers.XSpecifier, LeapTest.Models",
            "Criterias": [
              {
                "$id": "72",
                "$type": "LeapTest.Models.Models.Web.XPath.Expressions.XAttributeExpression, LeapTest.Models",
                "Name": "id",
                "Value": "dcf-container-dcf-field-PrimarySourcesofWealth",
                "IsPositive": true
              }
            ],
            "XValue": "div",
            "SpecifierType": "Descended"
          },
          {
            "$id": "73",
            "$type": "LeapTest.Models.Models.Web.XPath.AxisSpecifiers.XSpecifier, LeapTest.Models",
            "Criterias": [
              {
                "$id": "74",
                "$type": "LeapTest.Models.Models.Web.XPath.Expressions.XAttributeExpression, LeapTest.Models",
                "Name": "class",
                "Value": "one-col",
                "IsPositive": true
              }
            ],
            "XValue": "div",
            "SpecifierType": "Descended"
          },
          {
            "$id": "75",
            "$type": "LeapTest.Models.Models.Web.XPath.AxisSpecifiers.XSpecifier, LeapTest.Models",
            "Criterias": [
              {
                "$id": "76",
                "$type": "LeapTest.Models.Models.Web.XPath.Expressions.XAttributeExpression, LeapTest.Models",
                "Name": "class",
                "Value": "checkbox",
                "IsPositive": true
              },
              {
                "$id": "77",
                "$type": "LeapTest.Models.Models.Web.XPath.Expressions.XTextExpression, LeapTest.Models",
                "Text": "Savings from salary/",
                "Condition": "StartWith",
                "IsPositive": true
              }
            ],
            "XValue": "label",
            "SpecifierType": "Descended"
          }
        ]
      },
      {
        "$id": "78",
        "StrategyType": "ParentBased",
        "Occurence": "1",
        "Specifiers": [
          {
            "$id": "79",
            "$type": "LeapTest.Models.Models.Web.XPath.AxisSpecifiers.XSpecifier, LeapTest.Models",
            "Criterias": [
              {
                "$id": "80",
                "$type": "LeapTest.Models.Models.Web.XPath.Expressions.XAttributeExpression, LeapTest.Models",
                "Name": "id",
                "Value": "dcf-container-dcf-field-PrimarySourcesofWealth",
                "IsPositive": true
              }
            ],
            "XValue": "div",
            "SpecifierType": "Descended"
          },
          {
            "$id": "81",
            "$type": "LeapTest.Models.Models.Web.XPath.AxisSpecifiers.XSpecifier, LeapTest.Models",
            "Criterias": [
              {
                "$id": "82",
                "$type": "LeapTest.Models.Models.Web.XPath.Expressions.XAttributeExpression, LeapTest.Models",
                "Name": "class",
                "Value": "one-col",
                "IsPositive": true
              }
            ],
            "XValue": "div",
            "SpecifierType": "Descended"
          },
          {
            "$id": "83",
            "$type": "LeapTest.Models.Models.Web.XPath.AxisSpecifiers.XSpecifier, LeapTest.Models",
            "Criterias": [
              {
                "$id": "84",
                "$type": "LeapTest.Models.Models.Web.XPath.Expressions.XAttributeExpression, LeapTest.Models",
                "Name": "class",
                "Value": "checkbox",
                "IsPositive": true
              }
            ],
            "XValue": "label",
            "SpecifierType": "Descended"
          }
        ]
      },
      {
        "$id": "85",
        "Specifiers": [
          {
            "$id": "86",
            "$type": "LeapTest.Models.Models.Web.XPath.AxisSpecifiers.XSpecifier, LeapTest.Models",
            "Criterias": [
              {
                "$id": "87",
                "$type": "LeapTest.Models.Models.Web.XPath.Expressions.XAttributeExpression, LeapTest.Models",
                "Name": "id",
                "Value": "dcf-container-dcf-field-PrimarySourcesofWealth",
                "IsPositive": true
              }
            ],
            "XValue": "div",
            "SpecifierType": "Descended"
          },
          {
            "$id": "88",
            "$type": "LeapTest.Models.Models.Web.XPath.AxisSpecifiers.XSpecifier, LeapTest.Models",
            "Criterias": [],
            "XValue": "div"
          },
          {
            "$id": "89",
            "$type": "LeapTest.Models.Models.Web.XPath.AxisSpecifiers.XSpecifier, LeapTest.Models",
            "Criterias": [],
            "XValue": "div"
          },
          {
            "$id": "90",
            "$type": "LeapTest.Models.Models.Web.XPath.AxisSpecifiers.XSpecifier, LeapTest.Models",
            "Criterias": [],
            "Index": "1",
            "XValue": "div",
            "SpecifierType": "ChildNo"
          },
          {
            "$id": "91",
            "$type": "LeapTest.Models.Models.Web.XPath.AxisSpecifiers.XSpecifier, LeapTest.Models",
            "Criterias": [],
            "XValue": "label"
          }
        ]
      }
    ],
    "Fields": {
      "$type": "System.Collections.Generic.List`1[[LeapTest.Models.Models.Web.WebItemDynamicFieldsModel, LeapTest.Models]], mscorlib",
      "$values": []
    },
    "Children": [],
    "CreatedAt": "2018-02-01T13:55:54.8912008",
    "ModifiedAt": "2018-02-01T13:55:54.8912008",
    "Id": "1bf2cfde-67fb-4e01-90ff-68fe976e09ac"
  },
  "Uri": "https://www.home.saxo/accounts/openaccount",
  "Children": [],
  "Title": "Savings from salarypension ˂label˃",
  "Description": "New test web element Description",
  "CreatedAt": "2018-02-01T13:55:54.8912008",
  "ModifiedAt": "2018-02-01T13:55:54.8912008",
  "SortOrder": 17.0,
  "Id": "fa701c4e-ffdf-42cf-ac71-939f09e93f0d"
}