{
  "$id": "1",
  "FindCondition": {
    "$id": "2",
    "Strategies": [
      {
        "$id": "3",
        "StrategyType": "ParentBased",
        "Specifiers": [
          {
            "$id": "4",
            "$type": "LeapTest.Models.Models.Web.XPath.AxisSpecifiers.XSpecifier, LeapTest.Models",
            "Criterias": [
              {
                "$id": "5",
                "$type": "LeapTest.Models.Models.Web.XPath.Expressions.XAttributeExpression, LeapTest.Models",
                "Name": "class",
                "Value": "v2-tab v2-section v2-section--white",
                "IsPositive": true
              }
            ],
            "XValue": "div",
            "SpecifierType": "Descended"
          }
        ],
        "IsSelectedForExecute": true
      },
      {
        "$id": "6",
        "StrategyType": "ParentBased",
        "Specifiers": [
          {
            "$id": "7",
            "$type": "LeapTest.Models.Models.Web.XPath.AxisSpecifiers.XSpecifier, LeapTest.Models",
            "Criterias": [],
            "XValue": "main",
            "SpecifierType": "Descended"
          },
          {
            "$id": "8",
            "$type": "LeapTest.Models.Models.Web.XPath.AxisSpecifiers.XSpecifier, LeapTest.Models",
            "Criterias": [
              {
                "$id": "9",
                "$type": "LeapTest.Models.Models.Web.XPath.Expressions.XAttributeExpression, LeapTest.Models",
                "Name": "class",
                "Value": "v2-tab v2-section v2-section--white",
                "IsPositive": true
              }
            ],
            "XValue": "div",
            "SpecifierType": "Descended"
          }
        ]
      },
      {
        "$id": "10",
        "Specifiers": [
          {
            "$id": "11",
            "$type": "LeapTest.Models.Models.Web.XPath.AxisSpecifiers.XSpecifier, LeapTest.Models",
            "Criterias": [],
            "XValue": "main",
            "SpecifierType": "Descended"
          },
          {
            "$id": "12",
            "$type": "LeapTest.Models.Models.Web.XPath.AxisSpecifiers.XSpecifier, LeapTest.Models",
            "Criterias": [],
            "Index": "2",
            "XValue": "div",
            "SpecifierType": "ChildNo"
          },
          {
            "$id": "13",
            "$type": "LeapTest.Models.Models.Web.XPath.AxisSpecifiers.XSpecifier, LeapTest.Models",
            "Criterias": [],
            "XValue": "div"
          }
        ]
      }
    ],
    "Fields": {
      "$type": "System.Collections.Generic.List`1[[LeapTest.Models.Models.Web.WebItemDynamicFieldsModel, LeapTest.Models]], mscorlib",
      "$values": []
    },
    "Children": [],
    "CreatedAt": "2018-02-05T07:44:30.117262",
    "ModifiedAt": "2018-02-05T07:44:30.117262",
    "Id": "836ecbc8-ce34-4695-8eb0-d2451319ae7c"
  },
  "Uri": "https://www.home.saxo/",
  "Children": [],
  "Title": "Wide Product Selection. Tight Spreads CFDs Forex O ˂div˃",
  "Description": "New test web element Description",
  "CreatedAt": "2018-02-05T07:44:30.1207697",
  "ModifiedAt": "2018-02-05T07:44:30.1207697",
  "SortOrder": 5.0,
  "Id": "b23d6528-0eb9-4325-83e3-5ad0724ad518"
}