{
  "$id": "1",
  "FindCondition": {
    "$id": "2",
    "Strategies": [
      {
        "$id": "3",
        "StrategyType": "ParentBased",
        "Specifiers": [
          {
            "$id": "4",
            "$type": "LeapTest.Models.Models.Web.XPath.AxisSpecifiers.XSpecifier, LeapTest.Models",
            "Criterias": [
              {
                "$id": "5",
                "$type": "LeapTest.Models.Models.Web.XPath.Expressions.XAttributeExpression, LeapTest.Models",
                "Name": "class",
                "Value": "v2-tab__header v2-wrapper",
                "IsPositive": true
              }
            ],
            "XValue": "h1",
            "SpecifierType": "Descended"
          }
        ],
        "IsSelectedForExecute": true
      },
      {
        "$id": "6",
        "StrategyType": "ParentBased",
        "Specifiers": [
          {
            "$id": "7",
            "$type": "LeapTest.Models.Models.Web.XPath.AxisSpecifiers.XSpecifier, LeapTest.Models",
            "Criterias": [
              {
                "$id": "8",
                "$type": "LeapTest.Models.Models.Web.XPath.Expressions.XTextExpression, LeapTest.Models",
                "Text": "Wide Product Selecti",
                "Condition": "StartWith",
                "IsPositive": true
              }
            ],
            "XValue": "h1",
            "SpecifierType": "Descended"
          }
        ]
      },
      {
        "$id": "9",
        "StrategyType": "ParentBased",
        "Specifiers": [
          {
            "$id": "10",
            "$type": "LeapTest.Models.Models.Web.XPath.AxisSpecifiers.XSpecifier, LeapTest.Models",
            "Criterias": [
              {
                "$id": "11",
                "$type": "LeapTest.Models.Models.Web.XPath.Expressions.XAttributeExpression, LeapTest.Models",
                "Name": "class",
                "Value": "v2-tab v2-section v2-section--white",
                "IsPositive": true
              }
            ],
            "XValue": "div",
            "SpecifierType": "Descended"
          },
          {
            "$id": "12",
            "$type": "LeapTest.Models.Models.Web.XPath.AxisSpecifiers.XSpecifier, LeapTest.Models",
            "Criterias": [],
            "XValue": "h1"
          }
        ]
      },
      {
        "$id": "13",
        "StrategyType": "ParentBased",
        "Specifiers": [
          {
            "$id": "14",
            "$type": "LeapTest.Models.Models.Web.XPath.AxisSpecifiers.XSpecifier, LeapTest.Models",
            "Criterias": [
              {
                "$id": "15",
                "$type": "LeapTest.Models.Models.Web.XPath.Expressions.XAttributeExpression, LeapTest.Models",
                "Name": "class",
                "Value": "v2-tab v2-section v2-section--white",
                "IsPositive": true
              }
            ],
            "XValue": "div",
            "SpecifierType": "Descended"
          },
          {
            "$id": "16",
            "$type": "LeapTest.Models.Models.Web.XPath.AxisSpecifiers.XSpecifier, LeapTest.Models",
            "Criterias": [
              {
                "$id": "17",
                "$type": "LeapTest.Models.Models.Web.XPath.Expressions.XAttributeExpression, LeapTest.Models",
                "Name": "class",
                "Value": "v2-tab__header v2-wrapper",
                "IsPositive": true
              }
            ],
            "XValue": "h1"
          }
        ]
      },
      {
        "$id": "18",
        "StrategyType": "ParentBased",
        "Specifiers": [
          {
            "$id": "19",
            "$type": "LeapTest.Models.Models.Web.XPath.AxisSpecifiers.XSpecifier, LeapTest.Models",
            "Criterias": [
              {
                "$id": "20",
                "$type": "LeapTest.Models.Models.Web.XPath.Expressions.XAttributeExpression, LeapTest.Models",
                "Name": "class",
                "Value": "v2-tab v2-section v2-section--white",
                "IsPositive": true
              }
            ],
            "XValue": "div",
            "SpecifierType": "Descended"
          },
          {
            "$id": "21",
            "$type": "LeapTest.Models.Models.Web.XPath.AxisSpecifiers.XSpecifier, LeapTest.Models",
            "Criterias": [
              {
                "$id": "22",
                "$type": "LeapTest.Models.Models.Web.XPath.Expressions.XTextExpression, LeapTest.Models",
                "Text": "Wide Product Selecti",
                "Condition": "StartWith",
                "IsPositive": true
              }
            ],
            "XValue": "h1"
          }
        ]
      },
      {
        "$id": "23",
        "Specifiers": [
          {
            "$id": "24",
            "$type": "LeapTest.Models.Models.Web.XPath.AxisSpecifiers.XSpecifier, LeapTest.Models",
            "Criterias": [
              {
                "$id": "25",
                "$type": "LeapTest.Models.Models.Web.XPath.Expressions.XAttributeExpression, LeapTest.Models",
                "Name": "class",
                "Value": "v2-tab v2-section v2-section--white",
                "IsPositive": true
              }
            ],
            "XValue": "div",
            "SpecifierType": "Descended"
          },
          {
            "$id": "26",
            "$type": "LeapTest.Models.Models.Web.XPath.AxisSpecifiers.XSpecifier, LeapTest.Models",
            "Criterias": [],
            "XValue": "h1"
          }
        ]
      }
    ],
    "Fields": {
      "$type": "System.Collections.Generic.List`1[[LeapTest.Models.Models.Web.WebItemDynamicFieldsModel, LeapTest.Models]], mscorlib",
      "$values": []
    },
    "Children": [],
    "CreatedAt": "2018-02-05T07:41:39.9696796",
    "ModifiedAt": "2018-02-05T07:41:39.9696796",
    "Id": "3e5b3d55-ede8-4e48-913c-a96b643490a3"
  },
  "Uri": "https://www.home.saxo/",
  "Children": [],
  "Title": "Wide Product Selection. Tight Spreads ˂h1˃",
  "Description": "New test web element Description",
  "CreatedAt": "2018-02-05T07:41:39.9696796",
  "ModifiedAt": "2018-02-05T07:41:39.9696796",
  "SortOrder": 3.0,
  "Id": "9875a2a4-12fb-4b80-9e30-68927d30ff20"
}