{
  "$id": "1",
  "FindCondition": {
    "$id": "2",
    "Strategies": [
      {
        "$id": "3",
        "StrategyType": "ParentBased",
        "Specifiers": [
          {
            "$id": "4",
            "$type": "LeapTest.Models.Models.Web.XPath.AxisSpecifiers.XSpecifier, LeapTest.Models",
            "Criterias": [
              {
                "$id": "5",
                "$type": "LeapTest.Models.Models.Web.XPath.Expressions.XAttributeExpression, LeapTest.Models",
                "Name": "class",
                "Value": "v2-off-canvas__shift v2-footer",
                "IsPositive": true
              }
            ],
            "XValue": "div",
            "SpecifierType": "Descended"
          }
        ],
        "IsSelectedForExecute": true
      },
      {
        "$id": "6",
        "StrategyType": "ParentBased",
        "Specifiers": [
          {
            "$id": "7",
            "$type": "LeapTest.Models.Models.Web.XPath.AxisSpecifiers.XSpecifier, LeapTest.Models",
            "Criterias": [],
            "XValue": "body",
            "SpecifierType": "Descended"
          },
          {
            "$id": "8",
            "$type": "LeapTest.Models.Models.Web.XPath.AxisSpecifiers.XSpecifier, LeapTest.Models",
            "Criterias": [
              {
                "$id": "9",
                "$type": "LeapTest.Models.Models.Web.XPath.Expressions.XAttributeExpression, LeapTest.Models",
                "Name": "class",
                "Value": "v2-off-canvas__shift v2-footer",
                "IsPositive": true
              }
            ],
            "XValue": "div",
            "SpecifierType": "Descended"
          }
        ]
      },
      {
        "$id": "10",
        "Specifiers": [
          {
            "$id": "11",
            "$type": "LeapTest.Models.Models.Web.XPath.AxisSpecifiers.XSpecifier, LeapTest.Models",
            "Criterias": [],
            "XValue": "body",
            "SpecifierType": "Descended"
          },
          {
            "$id": "12",
            "$type": "LeapTest.Models.Models.Web.XPath.AxisSpecifiers.XSpecifier, LeapTest.Models",
            "Criterias": [],
            "Index": "3",
            "XValue": "div",
            "SpecifierType": "ChildNo"
          },
          {
            "$id": "13",
            "$type": "LeapTest.Models.Models.Web.XPath.AxisSpecifiers.XSpecifier, LeapTest.Models",
            "Criterias": [],
            "XValue": "div"
          }
        ]
      }
    ],
    "Fields": {
      "$type": "System.Collections.Generic.List`1[[LeapTest.Models.Models.Web.WebItemDynamicFieldsModel, LeapTest.Models]], mscorlib",
      "$values": []
    },
    "Children": [],
    "CreatedAt": "2018-02-05T08:15:44.8467453",
    "ModifiedAt": "2018-02-05T08:15:44.8467453",
    "Id": "55b71026-fc16-41bb-9107-bc6e59d15297"
  },
  "Uri": "https://www.home.saxo/",
  "Children": [],
  "Title": "Saxo Services & Products Forex Equities CFDs Other ˂div˃",
  "Description": "New test web element Description",
  "CreatedAt": "2018-02-05T08:15:44.8511777",
  "ModifiedAt": "2018-02-05T08:15:44.8511777",
  "SortOrder": 10.0,
  "Id": "b13a7e11-a9e4-480a-b243-2c44c0152472"
}