{
  "$id": "1",
  "FindCondition": {
    "$id": "2",
    "Strategies": [
      {
        "$id": "3",
        "StrategyType": "ParentBased",
        "Specifiers": [
          {
            "$id": "4",
            "$type": "LeapTest.Models.Models.Web.XPath.AxisSpecifiers.XSpecifier, LeapTest.Models",
            "Criterias": [
              {
                "$id": "5",
                "$type": "LeapTest.Models.Models.Web.XPath.Expressions.XAttributeExpression, LeapTest.Models",
                "Name": "type",
                "Value": "tel",
                "IsPositive": true
              }
            ],
            "XValue": "input",
            "SpecifierType": "Descended"
          }
        ],
        "IsSelectedForExecute": true
      },
      {
        "$id": "6",
        "StrategyType": "ParentBased",
        "Specifiers": [
          {
            "$id": "7",
            "$type": "LeapTest.Models.Models.Web.XPath.AxisSpecifiers.XSpecifier, LeapTest.Models",
            "Criterias": [
              {
                "$id": "8",
                "$type": "LeapTest.Models.Models.Web.XPath.Expressions.XAttributeExpression, LeapTest.Models",
                "Name": "id",
                "Value": "dcf-phonenumber-dcf-field-Phone",
                "IsPositive": true
              }
            ],
            "XValue": "input",
            "SpecifierType": "Descended"
          }
        ]
      },
      {
        "$id": "9",
        "StrategyType": "ParentBased",
        "Specifiers": [
          {
            "$id": "10",
            "$type": "LeapTest.Models.Models.Web.XPath.AxisSpecifiers.XSpecifier, LeapTest.Models",
            "Criterias": [
              {
                "$id": "11",
                "$type": "LeapTest.Models.Models.Web.XPath.Expressions.XAttributeExpression, LeapTest.Models",
                "Name": "name",
                "Value": "dcf-phonenumber-Phone",
                "IsPositive": true
              }
            ],
            "XValue": "input",
            "SpecifierType": "Descended"
          }
        ]
      },
      {
        "$id": "12",
        "StrategyType": "ParentBased",
        "Specifiers": [
          {
            "$id": "13",
            "$type": "LeapTest.Models.Models.Web.XPath.AxisSpecifiers.XSpecifier, LeapTest.Models",
            "Criterias": [
              {
                "$id": "14",
                "$type": "LeapTest.Models.Models.Web.XPath.Expressions.XAttributeExpression, LeapTest.Models",
                "Name": "class",
                "Value": "text-wrapper phone",
                "IsPositive": true
              }
            ],
            "XValue": "div",
            "SpecifierType": "Descended"
          },
          {
            "$id": "15",
            "$type": "LeapTest.Models.Models.Web.XPath.AxisSpecifiers.XSpecifier, LeapTest.Models",
            "Criterias": [],
            "XValue": "input"
          }
        ]
      },
      {
        "$id": "16",
        "StrategyType": "ParentBased",
        "Specifiers": [
          {
            "$id": "17",
            "$type": "LeapTest.Models.Models.Web.XPath.AxisSpecifiers.XSpecifier, LeapTest.Models",
            "Criterias": [
              {
                "$id": "18",
                "$type": "LeapTest.Models.Models.Web.XPath.Expressions.XAttributeExpression, LeapTest.Models",
                "Name": "class",
                "Value": "text-wrapper phone",
                "IsPositive": true
              }
            ],
            "XValue": "div",
            "SpecifierType": "Descended"
          },
          {
            "$id": "19",
            "$type": "LeapTest.Models.Models.Web.XPath.AxisSpecifiers.XSpecifier, LeapTest.Models",
            "Criterias": [
              {
                "$id": "20",
                "$type": "LeapTest.Models.Models.Web.XPath.Expressions.XAttributeExpression, LeapTest.Models",
                "Name": "type",
                "Value": "tel",
                "IsPositive": true
              }
            ],
            "XValue": "input"
          }
        ]
      },
      {
        "$id": "21",
        "StrategyType": "ParentBased",
        "Specifiers": [
          {
            "$id": "22",
            "$type": "LeapTest.Models.Models.Web.XPath.AxisSpecifiers.XSpecifier, LeapTest.Models",
            "Criterias": [
              {
                "$id": "23",
                "$type": "LeapTest.Models.Models.Web.XPath.Expressions.XAttributeExpression, LeapTest.Models",
                "Name": "class",
                "Value": "text-wrapper phone",
                "IsPositive": true
              }
            ],
            "XValue": "div",
            "SpecifierType": "Descended"
          },
          {
            "$id": "24",
            "$type": "LeapTest.Models.Models.Web.XPath.AxisSpecifiers.XSpecifier, LeapTest.Models",
            "Criterias": [
              {
                "$id": "25",
                "$type": "LeapTest.Models.Models.Web.XPath.Expressions.XAttributeExpression, LeapTest.Models",
                "Name": "id",
                "Value": "dcf-phonenumber-dcf-field-Phone",
                "IsPositive": true
              }
            ],
            "XValue": "input"
          }
        ]
      },
      {
        "$id": "26",
        "StrategyType": "ParentBased",
        "Specifiers": [
          {
            "$id": "27",
            "$type": "LeapTest.Models.Models.Web.XPath.AxisSpecifiers.XSpecifier, LeapTest.Models",
            "Criterias": [
              {
                "$id": "28",
                "$type": "LeapTest.Models.Models.Web.XPath.Expressions.XAttributeExpression, LeapTest.Models",
                "Name": "class",
                "Value": "text-wrapper phone",
                "IsPositive": true
              }
            ],
            "XValue": "div",
            "SpecifierType": "Descended"
          },
          {
            "$id": "29",
            "$type": "LeapTest.Models.Models.Web.XPath.AxisSpecifiers.XSpecifier, LeapTest.Models",
            "Criterias": [
              {
                "$id": "30",
                "$type": "LeapTest.Models.Models.Web.XPath.Expressions.XAttributeExpression, LeapTest.Models",
                "Name": "name",
                "Value": "dcf-phonenumber-Phone",
                "IsPositive": true
              }
            ],
            "XValue": "input"
          }
        ]
      },
      {
        "$id": "31",
        "Specifiers": [
          {
            "$id": "32",
            "$type": "LeapTest.Models.Models.Web.XPath.AxisSpecifiers.XSpecifier, LeapTest.Models",
            "Criterias": [
              {
                "$id": "33",
                "$type": "LeapTest.Models.Models.Web.XPath.Expressions.XAttributeExpression, LeapTest.Models",
                "Name": "class",
                "Value": "text-wrapper phone",
                "IsPositive": true
              }
            ],
            "XValue": "div",
            "SpecifierType": "Descended"
          },
          {
            "$id": "34",
            "$type": "LeapTest.Models.Models.Web.XPath.AxisSpecifiers.XSpecifier, LeapTest.Models",
            "Criterias": [],
            "XValue": "input"
          }
        ]
      }
    ],
    "Fields": {
      "$type": "System.Collections.Generic.List`1[[LeapTest.Models.Models.Web.WebItemDynamicFieldsModel, LeapTest.Models]], mscorlib",
      "$values": []
    },
    "Children": [],
    "CreatedAt": "2018-02-01T09:13:49.1555778",
    "ModifiedAt": "2018-02-01T09:13:49.1555778",
    "Id": "09fc51e3-a5eb-47fb-8ce3-69fced91b94a"
  },
  "Uri": "https://www.home.saxo/",
  "Children": [],
  "Title": "dcf-phonenumber-dcf-field-Phone ˂input˃",
  "Description": "New test web element Description",
  "CreatedAt": "2018-02-01T09:13:49.1555778",
  "ModifiedAt": "2018-02-01T09:13:49.1555778",
  "SortOrder": 5.0,
  "Id": "83282be0-6425-4b85-8563-062a266fea36"
}