{
  "$id": "1",
  "FindCondition": {
    "$id": "2",
    "Strategies": [
      {
        "$id": "3",
        "StrategyType": "ParentBased",
        "Specifiers": [
          {
            "$id": "4",
            "$type": "LeapTest.Models.Models.Web.XPath.AxisSpecifiers.XSpecifier, LeapTest.Models",
            "Criterias": [
              {
                "$id": "5",
                "$type": "LeapTest.Models.Models.Web.XPath.Expressions.XAttributeExpression, LeapTest.Models",
                "Name": "class",
                "Value": "v2-tab__handles",
                "IsPositive": true
              }
            ],
            "XValue": "div",
            "SpecifierType": "Descended"
          }
        ],
        "IsSelectedForExecute": true
      },
      {
        "$id": "6",
        "StrategyType": "ParentBased",
        "Specifiers": [
          {
            "$id": "7",
            "$type": "LeapTest.Models.Models.Web.XPath.AxisSpecifiers.XSpecifier, LeapTest.Models",
            "Criterias": [
              {
                "$id": "8",
                "$type": "LeapTest.Models.Models.Web.XPath.Expressions.XAttributeExpression, LeapTest.Models",
                "Name": "class",
                "Value": "v2-tab v2-section v2-section--white",
                "IsPositive": true
              }
            ],
            "XValue": "div",
            "SpecifierType": "Descended"
          },
          {
            "$id": "9",
            "$type": "LeapTest.Models.Models.Web.XPath.AxisSpecifiers.XSpecifier, LeapTest.Models",
            "Criterias": [
              {
                "$id": "10",
                "$type": "LeapTest.Models.Models.Web.XPath.Expressions.XAttributeExpression, LeapTest.Models",
                "Name": "class",
                "Value": "v2-tab__handles",
                "IsPositive": true
              }
            ],
            "XValue": "div"
          }
        ]
      },
      {
        "$id": "11",
        "StrategyType": "ParentBased",
        "Specifiers": [
          {
            "$id": "12",
            "$type": "LeapTest.Models.Models.Web.XPath.AxisSpecifiers.XSpecifier, LeapTest.Models",
            "Criterias": [
              {
                "$id": "13",
                "$type": "LeapTest.Models.Models.Web.XPath.Expressions.XAttributeExpression, LeapTest.Models",
                "Name": "class",
                "Value": "v2-tab v2-section v2-section--white",
                "IsPositive": true
              }
            ],
            "XValue": "div",
            "SpecifierType": "Descended"
          },
          {
            "$id": "14",
            "$type": "LeapTest.Models.Models.Web.XPath.AxisSpecifiers.XSpecifier, LeapTest.Models",
            "Criterias": [
              {
                "$id": "15",
                "$type": "LeapTest.Models.Models.Web.XPath.Expressions.XTextExpression, LeapTest.Models",
                "Text": "CFDs Forex Options E",
                "Condition": "StartWith",
                "IsPositive": true
              }
            ],
            "XValue": "div"
          }
        ]
      },
      {
        "$id": "16",
        "Specifiers": [
          {
            "$id": "17",
            "$type": "LeapTest.Models.Models.Web.XPath.AxisSpecifiers.XSpecifier, LeapTest.Models",
            "Criterias": [
              {
                "$id": "18",
                "$type": "LeapTest.Models.Models.Web.XPath.Expressions.XAttributeExpression, LeapTest.Models",
                "Name": "class",
                "Value": "v2-tab v2-section v2-section--white",
                "IsPositive": true
              }
            ],
            "XValue": "div",
            "SpecifierType": "Descended"
          },
          {
            "$id": "19",
            "$type": "LeapTest.Models.Models.Web.XPath.AxisSpecifiers.XSpecifier, LeapTest.Models",
            "Criterias": [],
            "Index": "1",
            "XValue": "div",
            "SpecifierType": "ChildNo"
          }
        ]
      }
    ],
    "Fields": {
      "$type": "System.Collections.Generic.List`1[[LeapTest.Models.Models.Web.WebItemDynamicFieldsModel, LeapTest.Models]], mscorlib",
      "$values": []
    },
    "Children": [],
    "CreatedAt": "2018-02-05T07:43:52.5683145",
    "ModifiedAt": "2018-02-05T07:43:52.5683145",
    "Id": "480d7761-7d7c-4e8a-842c-6003c2be4219"
  },
  "Uri": "https://www.home.saxo/",
  "Children": [],
  "Title": "CFDs Forex Options Equities Forex Equity Options C ˂div˃",
  "Description": "New test web element Description",
  "CreatedAt": "2018-02-05T07:43:52.5688171",
  "ModifiedAt": "2018-02-05T07:43:52.5688171",
  "SortOrder": 4.0,
  "Id": "00f75d14-f806-42ef-986e-4a226b2ea8b1"
}