{
  "$id": "1",
  "FindCondition": {
    "$id": "2",
    "Strategies": [
      {
        "$id": "3",
        "StrategyType": "ParentBased",
        "Specifiers": [
          {
            "$id": "4",
            "$type": "LeapTest.Models.Models.Web.XPath.AxisSpecifiers.XSpecifier, LeapTest.Models",
            "Criterias": [
              {
                "$id": "5",
                "$type": "LeapTest.Models.Models.Web.XPath.Expressions.XAttributeExpression, LeapTest.Models",
                "Name": "class",
                "Value": "v2-two-column__content",
                "IsPositive": true
              }
            ],
            "XValue": "div",
            "SpecifierType": "Descended"
          },
          {
            "$id": "6",
            "$type": "LeapTest.Models.Models.Web.XPath.AxisSpecifiers.XSpecifier, LeapTest.Models",
            "Criterias": [
              {
                "$id": "7",
                "$type": "LeapTest.Models.Models.Web.XPath.Expressions.XTextExpression, LeapTest.Models",
                "Text": "SaxotraderGO Saxotra",
                "Condition": "StartWith",
                "IsPositive": true
              }
            ],
            "XValue": "div"
          }
        ],
        "IsSelectedForExecute": true
      },
      {
        "$id": "8",
        "StrategyType": "ParentBased",
        "Specifiers": [
          {
            "$id": "9",
            "$type": "LeapTest.Models.Models.Web.XPath.AxisSpecifiers.XSpecifier, LeapTest.Models",
            "Criterias": [
              {
                "$id": "10",
                "$type": "LeapTest.Models.Models.Web.XPath.Expressions.XAttributeExpression, LeapTest.Models",
                "Name": "class",
                "Value": "v2-two-column__content",
                "IsPositive": true
              }
            ],
            "XValue": "div",
            "SpecifierType": "Descended"
          },
          {
            "$id": "11",
            "$type": "LeapTest.Models.Models.Web.XPath.AxisSpecifiers.XSpecifier, LeapTest.Models",
            "Criterias": [
              {
                "$id": "12",
                "$type": "LeapTest.Models.Models.Web.XPath.Expressions.XAttributeExpression, LeapTest.Models",
                "Name": "class",
                "Value": "v2-two-column__content-item",
                "IsPositive": true
              },
              {
                "$id": "13",
                "$type": "LeapTest.Models.Models.Web.XPath.Expressions.XTextExpression, LeapTest.Models",
                "Text": "SaxotraderGO Saxotra",
                "Condition": "StartWith",
                "IsPositive": true
              }
            ],
            "XValue": "div"
          }
        ]
      },
      {
        "$id": "14",
        "StrategyType": "ParentBased",
        "Occurence": "1",
        "Specifiers": [
          {
            "$id": "15",
            "$type": "LeapTest.Models.Models.Web.XPath.AxisSpecifiers.XSpecifier, LeapTest.Models",
            "Criterias": [
              {
                "$id": "16",
                "$type": "LeapTest.Models.Models.Web.XPath.Expressions.XAttributeExpression, LeapTest.Models",
                "Name": "class",
                "Value": "v2-two-column__content",
                "IsPositive": true
              }
            ],
            "XValue": "div",
            "SpecifierType": "Descended"
          },
          {
            "$id": "17",
            "$type": "LeapTest.Models.Models.Web.XPath.AxisSpecifiers.XSpecifier, LeapTest.Models",
            "Criterias": [
              {
                "$id": "18",
                "$type": "LeapTest.Models.Models.Web.XPath.Expressions.XAttributeExpression, LeapTest.Models",
                "Name": "class",
                "Value": "v2-two-column__content-item",
                "IsPositive": true
              }
            ],
            "XValue": "div"
          }
        ]
      },
      {
        "$id": "19",
        "Specifiers": [
          {
            "$id": "20",
            "$type": "LeapTest.Models.Models.Web.XPath.AxisSpecifiers.XSpecifier, LeapTest.Models",
            "Criterias": [
              {
                "$id": "21",
                "$type": "LeapTest.Models.Models.Web.XPath.Expressions.XAttributeExpression, LeapTest.Models",
                "Name": "class",
                "Value": "v2-two-column__content",
                "IsPositive": true
              }
            ],
            "XValue": "div",
            "SpecifierType": "Descended"
          },
          {
            "$id": "22",
            "$type": "LeapTest.Models.Models.Web.XPath.AxisSpecifiers.XSpecifier, LeapTest.Models",
            "Criterias": [],
            "Index": "1",
            "XValue": "div",
            "SpecifierType": "ChildNo"
          }
        ]
      }
    ],
    "Fields": {
      "$type": "System.Collections.Generic.List`1[[LeapTest.Models.Models.Web.WebItemDynamicFieldsModel, LeapTest.Models]], mscorlib",
      "$values": []
    },
    "Children": [],
    "CreatedAt": "2018-02-05T08:03:34.350206",
    "ModifiedAt": "2018-02-05T08:03:34.350206",
    "Id": "0d6f8cd8-0212-4ff1-8788-4f51c00c090f"
  },
  "Uri": "https://www.home.saxo/",
  "Children": [],
  "Title": "SaxotraderGO The preferred choice for 80% of our c ˂div˃",
  "Description": "New test web element Description",
  "CreatedAt": "2018-02-05T08:03:34.350206",
  "ModifiedAt": "2018-02-05T08:03:34.350206",
  "SortOrder": 8.0,
  "Id": "a082ebef-5d45-49a9-ab03-ae95627ff009"
}