{
  "$id": "1",
  "FindCondition": {
    "$id": "2",
    "Strategies": [
      {
        "$id": "3",
        "StrategyType": "ParentBased",
        "Specifiers": [
          {
            "$id": "4",
            "$type": "LeapTest.Models.Models.Web.XPath.AxisSpecifiers.XSpecifier, LeapTest.Models",
            "Criterias": [
              {
                "$id": "5",
                "$type": "LeapTest.Models.Models.Web.XPath.Expressions.XAttributeExpression, LeapTest.Models",
                "Name": "class",
                "Value": "heading--2",
                "IsPositive": true
              }
            ],
            "XValue": "h2",
            "SpecifierType": "Descended"
          }
        ],
        "IsSelectedForExecute": true
      },
      {
        "$id": "6",
        "StrategyType": "ParentBased",
        "Specifiers": [
          {
            "$id": "7",
            "$type": "LeapTest.Models.Models.Web.XPath.AxisSpecifiers.XSpecifier, LeapTest.Models",
            "Criterias": [
              {
                "$id": "8",
                "$type": "LeapTest.Models.Models.Web.XPath.Expressions.XTextExpression, LeapTest.Models",
                "Text": "Password Reset Reque",
                "Condition": "StartWith",
                "IsPositive": true
              }
            ],
            "XValue": "h2",
            "SpecifierType": "Descended"
          }
        ]
      },
      {
        "$id": "9",
        "StrategyType": "ParentBased",
        "Specifiers": [
          {
            "$id": "10",
            "$type": "LeapTest.Models.Models.Web.XPath.AxisSpecifiers.XSpecifier, LeapTest.Models",
            "Criterias": [
              {
                "$id": "11",
                "$type": "LeapTest.Models.Models.Web.XPath.Expressions.XAttributeExpression, LeapTest.Models",
                "Name": "id",
                "Value": "avatar",
                "IsPositive": true
              }
            ],
            "XValue": "div",
            "SpecifierType": "Descended"
          },
          {
            "$id": "12",
            "$type": "LeapTest.Models.Models.Web.XPath.AxisSpecifiers.XSpecifier, LeapTest.Models",
            "Criterias": [],
            "XValue": "h2"
          }
        ]
      },
      {
        "$id": "13",
        "StrategyType": "ParentBased",
        "Specifiers": [
          {
            "$id": "14",
            "$type": "LeapTest.Models.Models.Web.XPath.AxisSpecifiers.XSpecifier, LeapTest.Models",
            "Criterias": [
              {
                "$id": "15",
                "$type": "LeapTest.Models.Models.Web.XPath.Expressions.XAttributeExpression, LeapTest.Models",
                "Name": "id",
                "Value": "avatar",
                "IsPositive": true
              }
            ],
            "XValue": "div",
            "SpecifierType": "Descended"
          },
          {
            "$id": "16",
            "$type": "LeapTest.Models.Models.Web.XPath.AxisSpecifiers.XSpecifier, LeapTest.Models",
            "Criterias": [
              {
                "$id": "17",
                "$type": "LeapTest.Models.Models.Web.XPath.Expressions.XAttributeExpression, LeapTest.Models",
                "Name": "class",
                "Value": "heading--2",
                "IsPositive": true
              }
            ],
            "XValue": "h2"
          }
        ]
      },
      {
        "$id": "18",
        "StrategyType": "ParentBased",
        "Specifiers": [
          {
            "$id": "19",
            "$type": "LeapTest.Models.Models.Web.XPath.AxisSpecifiers.XSpecifier, LeapTest.Models",
            "Criterias": [
              {
                "$id": "20",
                "$type": "LeapTest.Models.Models.Web.XPath.Expressions.XAttributeExpression, LeapTest.Models",
                "Name": "id",
                "Value": "avatar",
                "IsPositive": true
              }
            ],
            "XValue": "div",
            "SpecifierType": "Descended"
          },
          {
            "$id": "21",
            "$type": "LeapTest.Models.Models.Web.XPath.AxisSpecifiers.XSpecifier, LeapTest.Models",
            "Criterias": [
              {
                "$id": "22",
                "$type": "LeapTest.Models.Models.Web.XPath.Expressions.XTextExpression, LeapTest.Models",
                "Text": "Password Reset Reque",
                "Condition": "StartWith",
                "IsPositive": true
              }
            ],
            "XValue": "h2"
          }
        ]
      },
      {
        "$id": "23",
        "Specifiers": [
          {
            "$id": "24",
            "$type": "LeapTest.Models.Models.Web.XPath.AxisSpecifiers.XSpecifier, LeapTest.Models",
            "Criterias": [
              {
                "$id": "25",
                "$type": "LeapTest.Models.Models.Web.XPath.Expressions.XAttributeExpression, LeapTest.Models",
                "Name": "id",
                "Value": "avatar",
                "IsPositive": true
              }
            ],
            "XValue": "div",
            "SpecifierType": "Descended"
          },
          {
            "$id": "26",
            "$type": "LeapTest.Models.Models.Web.XPath.AxisSpecifiers.XSpecifier, LeapTest.Models",
            "Criterias": [],
            "XValue": "h2"
          }
        ]
      }
    ],
    "Fields": {
      "$type": "System.Collections.Generic.List`1[[LeapTest.Models.Models.Web.WebItemDynamicFieldsModel, LeapTest.Models]], mscorlib",
      "$values": []
    },
    "Children": [],
    "CreatedAt": "2018-02-01T10:23:47.879374",
    "ModifiedAt": "2018-02-01T10:23:47.879374",
    "Id": "40daa56c-f9db-431c-b20c-109c755f4652"
  },
  "Uri": "https://www.home.saxo/accounts/password-reset",
  "Children": [],
  "Title": "Password Reset Requested ˂h2˃",
  "Description": "New test web element Description",
  "CreatedAt": "2018-02-01T10:23:47.879374",
  "ModifiedAt": "2018-02-01T10:23:47.879374",
  "SortOrder": 3.0,
  "Id": "b3982ce6-6c24-4651-b2b5-d9a8f829d4f6"
}