{
  "$id": "1",
  "FindCondition": {
    "$id": "2",
    "Strategies": [
      {
        "$id": "3",
        "StrategyType": "ParentBased",
        "Specifiers": [
          {
            "$id": "4",
            "$type": "LeapTest.Models.Models.Web.XPath.AxisSpecifiers.XSpecifier, LeapTest.Models",
            "Criterias": [
              {
                "$id": "5",
                "$type": "LeapTest.Models.Models.Web.XPath.Expressions.XTextExpression, LeapTest.Models",
                "Text": "I hereby accept that",
                "Condition": "StartWith",
                "IsPositive": true
              }
            ],
            "XValue": "label",
            "SpecifierType": "Descended"
          }
        ],
        "IsSelectedForExecute": true
      },
      {
        "$id": "6",
        "StrategyType": "ParentBased",
        "Specifiers": [
          {
            "$id": "7",
            "$type": "LeapTest.Models.Models.Web.XPath.AxisSpecifiers.XSpecifier, LeapTest.Models",
            "Criterias": [
              {
                "$id": "8",
                "$type": "LeapTest.Models.Models.Web.XPath.Expressions.XAttributeExpression, LeapTest.Models",
                "Name": "class",
                "Value": "single-checkbox",
                "IsPositive": true
              }
            ],
            "XValue": "div",
            "SpecifierType": "Descended"
          },
          {
            "$id": "9",
            "$type": "LeapTest.Models.Models.Web.XPath.AxisSpecifiers.XSpecifier, LeapTest.Models",
            "Criterias": [],
            "XValue": "label",
            "SpecifierType": "Descended"
          }
        ]
      },
      {
        "$id": "10",
        "StrategyType": "ParentBased",
        "Specifiers": [
          {
            "$id": "11",
            "$type": "LeapTest.Models.Models.Web.XPath.AxisSpecifiers.XSpecifier, LeapTest.Models",
            "Criterias": [
              {
                "$id": "12",
                "$type": "LeapTest.Models.Models.Web.XPath.Expressions.XAttributeExpression, LeapTest.Models",
                "Name": "class",
                "Value": "single-checkbox",
                "IsPositive": true
              }
            ],
            "XValue": "div",
            "SpecifierType": "Descended"
          },
          {
            "$id": "13",
            "$type": "LeapTest.Models.Models.Web.XPath.AxisSpecifiers.XSpecifier, LeapTest.Models",
            "Criterias": [
              {
                "$id": "14",
                "$type": "LeapTest.Models.Models.Web.XPath.Expressions.XAttributeExpression, LeapTest.Models",
                "Name": "class",
                "Value": "field-label",
                "IsPositive": true
              }
            ],
            "XValue": "label",
            "SpecifierType": "Descended"
          }
        ]
      },
      {
        "$id": "15",
        "StrategyType": "ParentBased",
        "Specifiers": [
          {
            "$id": "16",
            "$type": "LeapTest.Models.Models.Web.XPath.AxisSpecifiers.XSpecifier, LeapTest.Models",
            "Criterias": [
              {
                "$id": "17",
                "$type": "LeapTest.Models.Models.Web.XPath.Expressions.XAttributeExpression, LeapTest.Models",
                "Name": "class",
                "Value": "single-checkbox",
                "IsPositive": true
              }
            ],
            "XValue": "div",
            "SpecifierType": "Descended"
          },
          {
            "$id": "18",
            "$type": "LeapTest.Models.Models.Web.XPath.AxisSpecifiers.XSpecifier, LeapTest.Models",
            "Criterias": [
              {
                "$id": "19",
                "$type": "LeapTest.Models.Models.Web.XPath.Expressions.XTextExpression, LeapTest.Models",
                "Text": "I hereby accept that",
                "Condition": "StartWith",
                "IsPositive": true
              }
            ],
            "XValue": "label",
            "SpecifierType": "Descended"
          }
        ]
      },
      {
        "$id": "20",
        "StrategyType": "ParentBased",
        "Specifiers": [
          {
            "$id": "21",
            "$type": "LeapTest.Models.Models.Web.XPath.AxisSpecifiers.XSpecifier, LeapTest.Models",
            "Criterias": [
              {
                "$id": "22",
                "$type": "LeapTest.Models.Models.Web.XPath.Expressions.XAttributeExpression, LeapTest.Models",
                "Name": "class",
                "Value": "single-checkbox",
                "IsPositive": true
              }
            ],
            "XValue": "div",
            "SpecifierType": "Descended"
          },
          {
            "$id": "23",
            "$type": "LeapTest.Models.Models.Web.XPath.AxisSpecifiers.XSpecifier, LeapTest.Models",
            "Criterias": [],
            "XValue": "div"
          },
          {
            "$id": "24",
            "$type": "LeapTest.Models.Models.Web.XPath.AxisSpecifiers.XSpecifier, LeapTest.Models",
            "Criterias": [],
            "XValue": "label"
          }
        ]
      },
      {
        "$id": "25",
        "StrategyType": "ParentBased",
        "Specifiers": [
          {
            "$id": "26",
            "$type": "LeapTest.Models.Models.Web.XPath.AxisSpecifiers.XSpecifier, LeapTest.Models",
            "Criterias": [
              {
                "$id": "27",
                "$type": "LeapTest.Models.Models.Web.XPath.Expressions.XAttributeExpression, LeapTest.Models",
                "Name": "class",
                "Value": "single-checkbox",
                "IsPositive": true
              }
            ],
            "XValue": "div",
            "SpecifierType": "Descended"
          },
          {
            "$id": "28",
            "$type": "LeapTest.Models.Models.Web.XPath.AxisSpecifiers.XSpecifier, LeapTest.Models",
            "Criterias": [],
            "XValue": "div"
          },
          {
            "$id": "29",
            "$type": "LeapTest.Models.Models.Web.XPath.AxisSpecifiers.XSpecifier, LeapTest.Models",
            "Criterias": [
              {
                "$id": "30",
                "$type": "LeapTest.Models.Models.Web.XPath.Expressions.XAttributeExpression, LeapTest.Models",
                "Name": "class",
                "Value": "field-label",
                "IsPositive": true
              }
            ],
            "XValue": "label"
          }
        ]
      },
      {
        "$id": "31",
        "StrategyType": "ParentBased",
        "Specifiers": [
          {
            "$id": "32",
            "$type": "LeapTest.Models.Models.Web.XPath.AxisSpecifiers.XSpecifier, LeapTest.Models",
            "Criterias": [
              {
                "$id": "33",
                "$type": "LeapTest.Models.Models.Web.XPath.Expressions.XAttributeExpression, LeapTest.Models",
                "Name": "class",
                "Value": "single-checkbox",
                "IsPositive": true
              }
            ],
            "XValue": "div",
            "SpecifierType": "Descended"
          },
          {
            "$id": "34",
            "$type": "LeapTest.Models.Models.Web.XPath.AxisSpecifiers.XSpecifier, LeapTest.Models",
            "Criterias": [],
            "XValue": "div"
          },
          {
            "$id": "35",
            "$type": "LeapTest.Models.Models.Web.XPath.AxisSpecifiers.XSpecifier, LeapTest.Models",
            "Criterias": [
              {
                "$id": "36",
                "$type": "LeapTest.Models.Models.Web.XPath.Expressions.XTextExpression, LeapTest.Models",
                "Text": "I hereby accept that",
                "Condition": "StartWith",
                "IsPositive": true
              }
            ],
            "XValue": "label"
          }
        ]
      },
      {
        "$id": "37",
        "Specifiers": [
          {
            "$id": "38",
            "$type": "LeapTest.Models.Models.Web.XPath.AxisSpecifiers.XSpecifier, LeapTest.Models",
            "Criterias": [
              {
                "$id": "39",
                "$type": "LeapTest.Models.Models.Web.XPath.Expressions.XAttributeExpression, LeapTest.Models",
                "Name": "class",
                "Value": "single-checkbox",
                "IsPositive": true
              }
            ],
            "XValue": "div",
            "SpecifierType": "Descended"
          },
          {
            "$id": "40",
            "$type": "LeapTest.Models.Models.Web.XPath.AxisSpecifiers.XSpecifier, LeapTest.Models",
            "Criterias": [],
            "XValue": "div"
          },
          {
            "$id": "41",
            "$type": "LeapTest.Models.Models.Web.XPath.AxisSpecifiers.XSpecifier, LeapTest.Models",
            "Criterias": [],
            "XValue": "label"
          }
        ]
      }
    ],
    "Fields": {
      "$type": "System.Collections.Generic.List`1[[LeapTest.Models.Models.Web.WebItemDynamicFieldsModel, LeapTest.Models]], mscorlib",
      "$values": []
    },
    "Children": [],
    "CreatedAt": "2018-02-01T13:33:50.4546717",
    "ModifiedAt": "2018-02-01T13:33:50.4546717",
    "Id": "10cbffeb-e51a-4fa1-abf1-cfc994e71a14"
  },
  "Uri": "https://www.home.saxo/accounts/openaccount",
  "Children": [],
  "Title": "I hereby accept that anyone in the Saxo Bank Group ˂label˃",
  "Description": "New test web element Description",
  "CreatedAt": "2018-02-01T13:33:50.4546717",
  "ModifiedAt": "2018-02-01T13:33:50.4546717",
  "SortOrder": 7.0,
  "Id": "5408d6bc-6c46-4733-a3df-e7cb3f3eb8d1"
}