{
  "$id": "1",
  "Flowchart": {
    "$id": "2",
    "Version": "2.24",
    "BuildingBlockMs": [
      {
        "$id": "3",
        "$type": "LeapTest.Models.Models.BuildingBlocks.Web.ClickWebElementBuildingBlockModel, LeapTest.Models",
        "Position": "50,400",
        "FlowProperties": [
          {
            "$id": "4",
            "$type": "LeapTest.Models.Models.FlowProperties.HeaderFlowProperty, LeapTest.Models",
            "Title": "Click Web Element",
            "Key": "Header",
            "PropertyType": "Execution",
            "ParentBuildingBlock": {
              "$ref": "3"
            },
            "InputConnector": {
              "$id": "5",
              "ParentFlowPropertyM": {
                "$ref": "4"
              },
              "Direction": "Input",
              "connectedIds": [
                {
                  "$id": "6",
                  "Item1": "385a5dc1-dd94-43c4-9fa8-1b5dbf555b84",
                  "Item2": "5fea3f37-0f44-4c2a-8646-17dab1fc0234"
                }
              ],
              "Id": "b3743ab4-b626-440e-869d-1391cb51758b"
            },
            "OutputConnector": {
              "$id": "7",
              "ParentFlowPropertyM": {
                "$ref": "4"
              },
              "connectedIds": [
                {
                  "$id": "8",
                  "Item1": "c5c403c1-3172-42ae-9548-8c5dd9675ec8",
                  "Item2": "4cc73aee-eaa3-41b8-bc4d-05504076bc0f"
                }
              ],
              "Id": "b8f91ab6-64b5-4ac5-9d82-1c1425318c9d"
            },
            "CanHaveValue": false,
            "Id": "ad59998d-04fa-4519-bb80-26e95fb14623"
          },
          {
            "$id": "9",
            "$type": "LeapTest.Models.Models.FlowProperties.BlockFlowProperties.WebElementBlockFlowProperty, LeapTest.Models",
            "FlowProperties": [
              {
                "$id": "10",
                "$type": "LeapTest.Models.Models.FlowProperties.DataTypeFlowProperties.WebElementFlowProperty, LeapTest.Models",
                "Key": "WebElement",
                "IsMain": true,
                "ParentBuildingBlock": {
                  "$ref": "3"
                },
                "ParentFlowProperty": {
                  "$ref": "9"
                },
                "InputConnector": {
                  "$id": "11",
                  "ParentFlowPropertyM": {
                    "$ref": "10"
                  },
                  "Direction": "Input",
                  "Id": "62a85de0-e4e2-4b3e-96b3-237cdf25aa6e"
                },
                "OutputConnector": {
                  "$id": "12",
                  "ParentFlowPropertyM": {
                    "$ref": "10"
                  },
                  "Id": "562fa26e-f48b-4d3d-9283-979234474905"
                },
                "EditorValue": {
                  "$id": "13",
                  "$type": "LeapTest.Models.Models.LDataTypes.LWebElement, LeapTest.Models",
                  "Value": {
                    "$id": "14",
                    "Id": "bfc99cf3-6125-4cde-bfc2-524df3431463"
                  }
                },
                "Id": "e9972943-3ade-4d98-81eb-d37838574dbb"
              }
            ],
            "Key": "WebElementBlock",
            "IsMain": true,
            "ParentBuildingBlock": {
              "$ref": "3"
            },
            "CanHaveValue": false,
            "Id": "5bef367a-4ff7-4cc0-afc3-b7d2def34211"
          },
          {
            "$id": "15",
            "$type": "LeapTest.Models.Models.FlowProperties.DataTypeFlowProperties.DictionaryFlowProperty, LeapTest.Models",
            "DictionaryKey": "MouseeSimpleButtonsDouble",
            "Key": "MouseButton",
            "ParentBuildingBlock": {
              "$ref": "3"
            },
            "EditorValue": {
              "$id": "16",
              "$type": "LeapTest.Models.Models.LDataTypes.LText, LeapTest.Models",
              "Value": "Left"
            },
            "DefaultValue": {
              "$ref": "16"
            },
            "Id": "3e616185-ed8f-4fed-966a-6db9e62ff8e8"
          },
          {
            "$id": "17",
            "$type": "LeapTest.Models.Models.FlowProperties.DataTypeFlowProperties.SignalFlowProperty, LeapTest.Models",
            "Key": "Found",
            "ParentBuildingBlock": {
              "$ref": "3"
            },
            "OutputConnector": {
              "$id": "18",
              "ParentFlowPropertyM": {
                "$ref": "17"
              },
              "Id": "53f89471-6c5c-43de-9bee-341c2f923c82"
            },
            "Id": "55f9a5c9-7a95-4a3d-b6a5-3c8bf7bb8025"
          },
          {
            "$id": "19",
            "$type": "LeapTest.Models.Models.FlowProperties.DataTypeFlowProperties.SignalFlowProperty, LeapTest.Models",
            "Key": "NotFound",
            "PropertyType": "Execution",
            "ParentBuildingBlock": {
              "$ref": "3"
            },
            "OutputConnector": {
              "$id": "20",
              "ParentFlowPropertyM": {
                "$ref": "19"
              },
              "Id": "fb14ec98-4d2c-4811-8897-9d28067214f0"
            },
            "CanHaveValue": false,
            "Id": "718facbd-ee87-4560-b0c0-a83c2c5f4048"
          },
          {
            "$id": "21",
            "$type": "LeapTest.Models.Models.FlowProperties.BlockFlowProperties.PositionBlockFlowProperty, LeapTest.Models",
            "FlowProperties": [
              {
                "$id": "22",
                "$type": "LeapTest.Models.Models.FlowProperties.DataTypeFlowProperties.PositionFlowProperty, LeapTest.Models",
                "IsResult": true,
                "Key": "Position",
                "ParentBuildingBlock": {
                  "$ref": "3"
                },
                "ParentFlowProperty": {
                  "$ref": "21"
                },
                "OutputConnector": {
                  "$id": "23",
                  "ParentFlowPropertyM": {
                    "$ref": "22"
                  },
                  "Id": "65a4b20d-9278-419d-839d-17cc7dcd1b75"
                },
                "Id": "e7e1fcd3-5dfa-4d48-b148-0c3c2e8a641e"
              },
              {
                "$id": "24",
                "$type": "LeapTest.Models.Models.FlowProperties.DataTypeFlowProperties.NumberResultFlowProperty, LeapTest.Models",
                "Key": "X",
                "ParentBuildingBlock": {
                  "$ref": "3"
                },
                "ParentFlowProperty": {
                  "$ref": "21"
                },
                "OutputConnector": {
                  "$id": "25",
                  "ParentFlowPropertyM": {
                    "$ref": "24"
                  },
                  "Id": "a0bdf66a-4557-439d-9aaf-d774a1042ff1"
                },
                "Id": "f760241e-5f62-4666-94ff-8ef1f73c83be"
              },
              {
                "$id": "26",
                "$type": "LeapTest.Models.Models.FlowProperties.DataTypeFlowProperties.NumberResultFlowProperty, LeapTest.Models",
                "Key": "Y",
                "ParentBuildingBlock": {
                  "$ref": "3"
                },
                "ParentFlowProperty": {
                  "$ref": "21"
                },
                "OutputConnector": {
                  "$id": "27",
                  "ParentFlowPropertyM": {
                    "$ref": "26"
                  },
                  "Id": "26b75da2-a293-4361-93e2-223c7a4ad4ec"
                },
                "Id": "731efd76-064b-49cc-91a8-a0822ac1fbe6"
              }
            ],
            "Key": "ResultPositionBlock",
            "ParentBuildingBlock": {
              "$ref": "3"
            },
            "Id": "d10472ad-f878-4db6-b55d-f71e30d83126"
          },
          {
            "$id": "28",
            "$type": "LeapTest.Models.Models.FlowProperties.BlockFlowProperties.AreaBlockFlowProperty, LeapTest.Models",
            "FlowProperties": [
              {
                "$id": "29",
                "$type": "LeapTest.Models.Models.FlowProperties.DataTypeFlowProperties.AreaFlowProperty, LeapTest.Models",
                "IsResult": true,
                "Key": "Area",
                "ParentBuildingBlock": {
                  "$ref": "3"
                },
                "ParentFlowProperty": {
                  "$ref": "28"
                },
                "OutputConnector": {
                  "$id": "30",
                  "ParentFlowPropertyM": {
                    "$ref": "29"
                  },
                  "Id": "0925fa95-6260-44b2-b613-d640b7ce0294"
                },
                "Id": "192d60d1-f4c4-4e9f-a103-adfa22b5b01e"
              },
              {
                "$id": "31",
                "$type": "LeapTest.Models.Models.FlowProperties.BlockFlowProperties.PositionBlockFlowProperty, LeapTest.Models",
                "FlowProperties": [
                  {
                    "$id": "32",
                    "$type": "LeapTest.Models.Models.FlowProperties.DataTypeFlowProperties.PositionFlowProperty, LeapTest.Models",
                    "IsResult": true,
                    "Key": "Position",
                    "ParentBuildingBlock": {
                      "$ref": "3"
                    },
                    "ParentFlowProperty": {
                      "$ref": "31"
                    },
                    "OutputConnector": {
                      "$id": "33",
                      "ParentFlowPropertyM": {
                        "$ref": "32"
                      },
                      "Id": "636a429f-f290-4870-baa2-1516f3afbf70"
                    },
                    "Id": "ac04d716-63df-468f-91bc-88e6d7fdf418"
                  },
                  {
                    "$id": "34",
                    "$type": "LeapTest.Models.Models.FlowProperties.DataTypeFlowProperties.NumberResultFlowProperty, LeapTest.Models",
                    "Key": "X",
                    "ParentBuildingBlock": {
                      "$ref": "3"
                    },
                    "ParentFlowProperty": {
                      "$ref": "31"
                    },
                    "OutputConnector": {
                      "$id": "35",
                      "ParentFlowPropertyM": {
                        "$ref": "34"
                      },
                      "Id": "4be10014-ceb9-4d54-ae8f-62b10bf6cf81"
                    },
                    "Id": "a1783e19-264a-41bf-ad54-b4a226fc7ab0"
                  },
                  {
                    "$id": "36",
                    "$type": "LeapTest.Models.Models.FlowProperties.DataTypeFlowProperties.NumberResultFlowProperty, LeapTest.Models",
                    "Key": "Y",
                    "ParentBuildingBlock": {
                      "$ref": "3"
                    },
                    "ParentFlowProperty": {
                      "$ref": "31"
                    },
                    "OutputConnector": {
                      "$id": "37",
                      "ParentFlowPropertyM": {
                        "$ref": "36"
                      },
                      "Id": "670d8922-b68c-47f2-9791-3393e2be2f6b"
                    },
                    "Id": "12df36c7-1ec2-4e01-9160-5a659b7f4c25"
                  }
                ],
                "Key": "Position",
                "ParentBuildingBlock": {
                  "$ref": "3"
                },
                "ParentFlowProperty": {
                  "$ref": "28"
                },
                "Id": "ada74a7a-60b9-4b27-9ff9-2a3aa1d0802f"
              },
              {
                "$id": "38",
                "$type": "LeapTest.Models.Models.FlowProperties.BlockFlowProperties.PositionBlockFlowProperty, LeapTest.Models",
                "FlowProperties": [
                  {
                    "$id": "39",
                    "$type": "LeapTest.Models.Models.FlowProperties.DataTypeFlowProperties.PositionFlowProperty, LeapTest.Models",
                    "IsResult": true,
                    "CaptureType": "Rectangle",
                    "Key": "Position",
                    "ParentBuildingBlock": {
                      "$ref": "3"
                    },
                    "ParentFlowProperty": {
                      "$ref": "38"
                    },
                    "OutputConnector": {
                      "$id": "40",
                      "ParentFlowPropertyM": {
                        "$ref": "39"
                      },
                      "Id": "25508a43-347b-4f1b-aee6-fad284c6e007"
                    },
                    "Id": "c628569c-ac4d-4c95-bafa-35e14481e402"
                  },
                  {
                    "$id": "41",
                    "$type": "LeapTest.Models.Models.FlowProperties.DataTypeFlowProperties.NumberResultFlowProperty, LeapTest.Models",
                    "Key": "X",
                    "ParentBuildingBlock": {
                      "$ref": "3"
                    },
                    "ParentFlowProperty": {
                      "$ref": "38"
                    },
                    "OutputConnector": {
                      "$id": "42",
                      "ParentFlowPropertyM": {
                        "$ref": "41"
                      },
                      "Id": "66f22de4-85c5-4f77-9557-b49221610c79"
                    },
                    "Id": "c588ae0f-d644-484e-9698-6d34e368d7ef"
                  },
                  {
                    "$id": "43",
                    "$type": "LeapTest.Models.Models.FlowProperties.DataTypeFlowProperties.NumberResultFlowProperty, LeapTest.Models",
                    "Key": "Y",
                    "ParentBuildingBlock": {
                      "$ref": "3"
                    },
                    "ParentFlowProperty": {
                      "$ref": "38"
                    },
                    "OutputConnector": {
                      "$id": "44",
                      "ParentFlowPropertyM": {
                        "$ref": "43"
                      },
                      "Id": "fe1787ed-2578-4282-aabd-f7282ad0cace"
                    },
                    "Id": "3315b8ef-345b-46a5-bf0f-6487be32643d"
                  }
                ],
                "Key": "Size",
                "ParentBuildingBlock": {
                  "$ref": "3"
                },
                "ParentFlowProperty": {
                  "$ref": "28"
                },
                "Id": "342cfbc3-cf22-4809-b3a9-6840e1659c9a"
              }
            ],
            "Key": "ResultAreaBlock",
            "ParentBuildingBlock": {
              "$ref": "3"
            },
            "Id": "56926181-aed9-42e8-942c-d53b26a0b51d"
          },
          {
            "$id": "45",
            "$type": "LeapTest.Models.Models.FlowProperties.DataTypeFlowProperties.SignalFlowProperty, LeapTest.Models",
            "Key": "ValueA",
            "ParentBuildingBlock": {
              "$ref": "3"
            },
            "OutputConnector": {
              "$id": "46",
              "ParentFlowPropertyM": {
                "$ref": "45"
              },
              "Id": "e0895544-bad4-4378-8fa0-50a6cb5f2bcf"
            },
            "CanHaveValue": false,
            "Id": "c336ebf7-d01d-479f-abfd-156b37c04566"
          },
          {
            "$id": "47",
            "$type": "LeapTest.Models.Models.FlowProperties.DataTypeFlowProperties.SignalFlowProperty, LeapTest.Models",
            "Key": "ValueB",
            "ParentBuildingBlock": {
              "$ref": "3"
            },
            "OutputConnector": {
              "$id": "48",
              "ParentFlowPropertyM": {
                "$ref": "47"
              },
              "Id": "a9b47a0c-a4d8-4a82-afdb-f26e20ea37b0"
            },
            "CanHaveValue": false,
            "Id": "ced98869-d269-4d18-b87b-ffa22d6e32cd"
          },
          {
            "$id": "49",
            "$type": "LeapTest.Models.Models.FlowProperties.DataTypeFlowProperties.SignalFlowProperty, LeapTest.Models",
            "Key": "Visible",
            "ParentBuildingBlock": {
              "$ref": "3"
            },
            "OutputConnector": {
              "$id": "50",
              "ParentFlowPropertyM": {
                "$ref": "49"
              },
              "Id": "f900e67f-127c-43a7-b28c-8cf4840cdb91"
            },
            "CanHaveValue": false,
            "Id": "9eecaeae-a43b-4a13-bb27-75a712e4cf30"
          },
          {
            "$id": "51",
            "$type": "LeapTest.Models.Models.FlowProperties.DataTypeFlowProperties.SignalFlowProperty, LeapTest.Models",
            "Key": "Index",
            "ParentBuildingBlock": {
              "$ref": "3"
            },
            "OutputConnector": {
              "$id": "52",
              "ParentFlowPropertyM": {
                "$ref": "51"
              },
              "Id": "e1c55b28-ddc3-4846-afec-421fbdcc4c47"
            },
            "Id": "1f254ad5-16a3-428e-8661-4c1d73dfb45a"
          },
          {
            "$id": "53",
            "$type": "LeapTest.Models.Models.FlowProperties.DataTypeFlowProperties.SignalFlowProperty, LeapTest.Models",
            "Key": "Source",
            "ParentBuildingBlock": {
              "$ref": "3"
            },
            "InputConnector": {
              "$id": "54",
              "ParentFlowPropertyM": {
                "$ref": "53"
              },
              "Direction": "Input",
              "Id": "22bbc901-8523-48eb-b34c-8b390bdeccaf"
            },
            "OutputConnector": {
              "$id": "55",
              "ParentFlowPropertyM": {
                "$ref": "53"
              },
              "Id": "f8d459ae-897f-4744-b5e7-171de44f0e3e"
            },
            "Id": "0a06d961-a580-4e1a-8a11-0c23e1e006bb"
          },
          {
            "$id": "56",
            "$type": "LeapTest.Models.Models.FlowProperties.DataTypeFlowProperties.SignalFlowProperty, LeapTest.Models",
            "Key": "BrowserWindow",
            "ParentBuildingBlock": {
              "$ref": "3"
            },
            "InputConnector": {
              "$id": "57",
              "ParentFlowPropertyM": {
                "$ref": "56"
              },
              "Direction": "Input",
              "Id": "7db0a561-8dc6-4fee-b91d-2c48f961b697"
            },
            "OutputConnector": {
              "$id": "58",
              "ParentFlowPropertyM": {
                "$ref": "56"
              },
              "Id": "fe4d1638-2992-4f7e-b4a9-994a2098d6ca"
            },
            "Id": "81d650fa-b3f2-4655-9397-e883369a8ed4"
          },
          {
            "$id": "59",
            "$type": "LeapTest.Models.Models.FlowProperties.BlockFlowProperties.DictionaryContentBlockFlowProperty, LeapTest.Models",
            "DictionaryKey": "UseOccurrence",
            "FlowProperties": [
              {
                "$id": "60",
                "$type": "LeapTest.Models.Models.FlowProperties.DataTypeFlowProperties.DictionaryFlowProperty, LeapTest.Models",
                "DictionaryKey": "UseOccurrence",
                "Key": "UseOccurrence",
                "ParentBuildingBlock": {
                  "$ref": "3"
                },
                "ParentFlowProperty": {
                  "$ref": "59"
                },
                "EditorValue": {
                  "$id": "61",
                  "$type": "LeapTest.Models.Models.LDataTypes.LText, LeapTest.Models",
                  "Value": "1"
                },
                "DefaultValue": {
                  "$ref": "61"
                },
                "Id": "e69ea503-cd32-463e-b4bd-26f605dec00a"
              },
              {
                "$id": "62",
                "$type": "LeapTest.Models.Models.FlowProperties.DataTypeFlowProperties.NumberResultFlowProperty, LeapTest.Models",
                "Key": "CurrentIndex",
                "IsMain": true,
                "ParentBuildingBlock": {
                  "$ref": "3"
                },
                "ParentFlowProperty": {
                  "$ref": "59"
                },
                "OutputConnector": {
                  "$id": "63",
                  "ParentFlowPropertyM": {
                    "$ref": "62"
                  },
                  "Id": "8a622171-c1b0-4ac8-9410-110b059d5e3e"
                },
                "Id": "4c63a607-8541-4f4c-9ad9-81567385b581"
              },
              {
                "$id": "64",
                "$type": "LeapTest.Models.Models.FlowProperties.DataTypeFlowProperties.SignalFlowProperty, LeapTest.Models",
                "Key": "Completed",
                "PropertyType": "Execution",
                "ParentBuildingBlock": {
                  "$ref": "3"
                },
                "ParentFlowProperty": {
                  "$ref": "59"
                },
                "OutputConnector": {
                  "$id": "65",
                  "ParentFlowPropertyM": {
                    "$ref": "64"
                  },
                  "Id": "2ed6898a-0003-49c7-a262-42fa77fc1a30"
                },
                "CanHaveValue": false,
                "Id": "125fdf60-f838-4f9c-b976-c548db9e65cc"
              }
            ],
            "Key": "UseOccuranceBlock",
            "ParentBuildingBlock": {
              "$ref": "3"
            },
            "CanHaveValue": false,
            "Id": "18160a01-064d-499e-8fdc-0b92c415c3a5"
          },
          {
            "$id": "66",
            "$type": "LeapTest.Models.Models.FlowProperties.DataTypeFlowProperties.SignalFlowProperty, LeapTest.Models",
            "Key": "Count",
            "ParentBuildingBlock": {
              "$ref": "3"
            },
            "OutputConnector": {
              "$id": "67",
              "ParentFlowPropertyM": {
                "$ref": "66"
              },
              "Id": "ad5b7f95-a613-4ac3-89be-2d339f4e127e"
            },
            "CanHaveValue": false,
            "Id": "044cc14f-852f-48a4-9641-e00078808ded"
          },
          {
            "$id": "68",
            "$type": "LeapTest.Models.Models.FlowProperties.DataTypeFlowProperties.NumberFlowProperty, LeapTest.Models",
            "Key": "Timeout",
            "ParentBuildingBlock": {
              "$ref": "3"
            },
            "InputConnector": {
              "$id": "69",
              "ParentFlowPropertyM": {
                "$ref": "68"
              },
              "Direction": "Input",
              "Id": "2d3ee467-edb8-4e5e-a859-0b69603fcbba"
            },
            "OutputConnector": {
              "$id": "70",
              "ParentFlowPropertyM": {
                "$ref": "68"
              },
              "Id": "4a5bc97a-ea51-44a1-a713-0182d623bc43"
            },
            "EditorValue": {
              "$id": "71",
              "$type": "LeapTest.Models.Models.LDataTypes.LNumber, LeapTest.Models",
              "Value": 10.0
            },
            "DefaultValue": {
              "$ref": "71"
            },
            "Id": "c9bf71fa-eec0-4792-8d42-b55165bfa3b5"
          },
          {
            "$id": "72",
            "$type": "LeapTest.Models.Models.FlowProperties.BlockFlowProperties.DictionaryContentBlockFlowProperty, LeapTest.Models",
            "DictionaryKey": "ScrollDirection",
            "FlowProperties": [
              {
                "$id": "73",
                "$type": "LeapTest.Models.Models.FlowProperties.DataTypeFlowProperties.DictionaryFlowProperty, LeapTest.Models",
                "DictionaryKey": "ExtendedDirectionVertical",
                "Key": "ScrollDirection",
                "ParentBuildingBlock": {
                  "$ref": "3"
                },
                "ParentFlowProperty": {
                  "$ref": "72"
                },
                "EditorValue": {
                  "$id": "74",
                  "$type": "LeapTest.Models.Models.LDataTypes.LText, LeapTest.Models",
                  "Value": "None"
                },
                "DefaultValue": {
                  "$ref": "74"
                },
                "Id": "f5942ce6-00ec-423e-83f3-12fbe62dba2d"
              },
              {
                "$id": "75",
                "$type": "LeapTest.Models.Models.FlowProperties.DataTypeFlowProperties.NumberFlowProperty, LeapTest.Models",
                "Key": "RepeatTimes",
                "ParentBuildingBlock": {
                  "$ref": "3"
                },
                "ParentFlowProperty": {
                  "$ref": "72"
                },
                "InputConnector": {
                  "$id": "76",
                  "ParentFlowPropertyM": {
                    "$ref": "75"
                  },
                  "Direction": "Input",
                  "Id": "781cb379-e193-43de-96a9-9c84cc4fa1c8"
                },
                "OutputConnector": {
                  "$id": "77",
                  "ParentFlowPropertyM": {
                    "$ref": "75"
                  },
                  "Id": "75d50688-460f-49d0-8c7a-d433f40eabd0"
                },
                "EditorValue": {
                  "$id": "78",
                  "$type": "LeapTest.Models.Models.LDataTypes.LNumber, LeapTest.Models",
                  "Value": 10.0
                },
                "DefaultValue": {
                  "$ref": "78"
                },
                "Id": "a2d24637-7ec4-47eb-86a8-4203b0d92b3a"
              },
              {
                "$id": "79",
                "$type": "LeapTest.Models.Models.FlowProperties.DataTypeFlowProperties.NumberFlowProperty, LeapTest.Models",
                "Key": "Amount",
                "ParentBuildingBlock": {
                  "$ref": "3"
                },
                "ParentFlowProperty": {
                  "$ref": "72"
                },
                "InputConnector": {
                  "$id": "80",
                  "ParentFlowPropertyM": {
                    "$ref": "79"
                  },
                  "Direction": "Input",
                  "Id": "b74a9a77-7664-4b74-a993-61c53f52784f"
                },
                "OutputConnector": {
                  "$id": "81",
                  "ParentFlowPropertyM": {
                    "$ref": "79"
                  },
                  "Id": "36045d19-a285-4c57-9f16-52d332a55526"
                },
                "EditorValue": {
                  "$id": "82",
                  "$type": "LeapTest.Models.Models.LDataTypes.LNumber, LeapTest.Models",
                  "Value": 3.0
                },
                "DefaultValue": {
                  "$ref": "82"
                },
                "Id": "69be8846-c077-4b94-a0e1-3859d71db750"
              },
              {
                "$id": "83",
                "$type": "LeapTest.Models.Models.FlowProperties.DataTypeFlowProperties.NumberFlowProperty, LeapTest.Models",
                "Key": "Delay",
                "ParentBuildingBlock": {
                  "$ref": "3"
                },
                "ParentFlowProperty": {
                  "$ref": "72"
                },
                "InputConnector": {
                  "$id": "84",
                  "ParentFlowPropertyM": {
                    "$ref": "83"
                  },
                  "Direction": "Input",
                  "Id": "c09c3c2a-5278-4b94-bd49-11b5354b0267"
                },
                "OutputConnector": {
                  "$id": "85",
                  "ParentFlowPropertyM": {
                    "$ref": "83"
                  },
                  "Id": "9b1ba621-c080-489d-be9a-a797b9148db9"
                },
                "EditorValue": {
                  "$id": "86",
                  "$type": "LeapTest.Models.Models.LDataTypes.LNumber, LeapTest.Models",
                  "Value": 0.5
                },
                "DefaultValue": {
                  "$ref": "86"
                },
                "Id": "9206abb3-7808-47ee-b2cb-99f1ace8336e"
              }
            ],
            "Key": "ScrollBlock",
            "ParentBuildingBlock": {
              "$ref": "3"
            },
            "CanHaveValue": false,
            "Id": "7712f823-2b23-40d5-81d4-fde34605c304"
          },
          {
            "$id": "87",
            "$type": "LeapTest.Models.Models.FlowProperties.DataTypeFlowProperties.BooleanFlowProperty, LeapTest.Models",
            "Key": "Validate",
            "ParentBuildingBlock": {
              "$ref": "3"
            },
            "InputConnector": {
              "$id": "88",
              "ParentFlowPropertyM": {
                "$ref": "87"
              },
              "Direction": "Input",
              "Id": "96803eeb-9bc2-4dd9-90cf-61d61d557299"
            },
            "OutputConnector": {
              "$id": "89",
              "ParentFlowPropertyM": {
                "$ref": "87"
              },
              "Id": "fc37fc3a-9ca7-4dfb-95f3-e001f7bf4a1d"
            },
            "EditorValue": {
              "$id": "90",
              "$type": "LeapTest.Models.Models.LDataTypes.LBoolean, LeapTest.Models",
              "Value": true
            },
            "Id": "1862df9d-2f17-4171-9b1a-30c06ca72986"
          },
          {
            "$id": "91",
            "$type": "LeapTest.Models.Models.FlowProperties.BlockFlowProperties.BooleanNumberBlockFlowProperty, LeapTest.Models",
            "FlowProperties": [
              {
                "$id": "92",
                "$type": "LeapTest.Models.Models.FlowProperties.DataTypeFlowProperties.BooleanFlowProperty, LeapTest.Models",
                "Key": "WaitDOMChange",
                "ParentBuildingBlock": {
                  "$ref": "3"
                },
                "ParentFlowProperty": {
                  "$ref": "91"
                },
                "InputConnector": {
                  "$id": "93",
                  "ParentFlowPropertyM": {
                    "$ref": "92"
                  },
                  "Direction": "Input",
                  "Id": "1cfaf3e7-d30e-4773-935c-5e50fdf29db2"
                },
                "OutputConnector": {
                  "$id": "94",
                  "ParentFlowPropertyM": {
                    "$ref": "92"
                  },
                  "Id": "0cb84fba-a5ca-483f-8466-ae69acf23466"
                },
                "EditorValue": {
                  "$id": "95",
                  "$type": "LeapTest.Models.Models.LDataTypes.LBoolean, LeapTest.Models"
                },
                "Id": "b7bed724-e704-4f61-a33a-30210716a95a"
              },
              {
                "$id": "96",
                "$type": "LeapTest.Models.Models.FlowProperties.DataTypeFlowProperties.NumberFlowProperty, LeapTest.Models",
                "Key": "WaitDOMChangeTimeout",
                "ParentBuildingBlock": {
                  "$ref": "3"
                },
                "ParentFlowProperty": {
                  "$ref": "91"
                },
                "InputConnector": {
                  "$id": "97",
                  "ParentFlowPropertyM": {
                    "$ref": "96"
                  },
                  "Direction": "Input",
                  "Id": "3f649be1-e3be-4bb2-b186-d8147b24f54b"
                },
                "OutputConnector": {
                  "$id": "98",
                  "ParentFlowPropertyM": {
                    "$ref": "96"
                  },
                  "Id": "ebdc65f3-f6b4-44fc-8b79-cbc86b041655"
                },
                "EditorValue": {
                  "$id": "99",
                  "$type": "LeapTest.Models.Models.LDataTypes.LNumber, LeapTest.Models",
                  "Value": 3.0
                },
                "DefaultValue": {
                  "$ref": "99"
                },
                "Id": "f1f24ecc-b2ce-4d49-a2f2-1381281314e1"
              }
            ],
            "NumberPropertyKey": "WaitDOMChangeTimeout",
            "BooleanPropertyKey": "WaitDOMChange",
            "Key": "DOMChange",
            "ParentBuildingBlock": {
              "$ref": "3"
            },
            "CanHaveValue": false,
            "Id": "909f8ff7-9395-46c5-af99-37978745e816"
          },
          {
            "$id": "100",
            "$type": "LeapTest.Models.Models.FlowProperties.BlockFlowProperties.BooleanNumberBlockFlowProperty, LeapTest.Models",
            "FlowProperties": [
              {
                "$id": "101",
                "$type": "LeapTest.Models.Models.FlowProperties.DataTypeFlowProperties.BooleanFlowProperty, LeapTest.Models",
                "Key": "WaitRequests",
                "ParentBuildingBlock": {
                  "$ref": "3"
                },
                "ParentFlowProperty": {
                  "$ref": "100"
                },
                "InputConnector": {
                  "$id": "102",
                  "ParentFlowPropertyM": {
                    "$ref": "101"
                  },
                  "Direction": "Input",
                  "Id": "e8dcc15b-45d8-4861-b14f-167e813583c2"
                },
                "OutputConnector": {
                  "$id": "103",
                  "ParentFlowPropertyM": {
                    "$ref": "101"
                  },
                  "Id": "67d802ad-1e11-489f-9cfc-c3c157299b3d"
                },
                "EditorValue": {
                  "$id": "104",
                  "$type": "LeapTest.Models.Models.LDataTypes.LBoolean, LeapTest.Models"
                },
                "Id": "329d5d41-7c3e-44a0-bcb5-d55c1a0acace"
              },
              {
                "$id": "105",
                "$type": "LeapTest.Models.Models.FlowProperties.DataTypeFlowProperties.NumberFlowProperty, LeapTest.Models",
                "Key": "WaitRequestsTimeout",
                "ParentBuildingBlock": {
                  "$ref": "3"
                },
                "ParentFlowProperty": {
                  "$ref": "100"
                },
                "InputConnector": {
                  "$id": "106",
                  "ParentFlowPropertyM": {
                    "$ref": "105"
                  },
                  "Direction": "Input",
                  "Id": "898ee75f-172c-4669-99cd-1cef7e1d73e8"
                },
                "OutputConnector": {
                  "$id": "107",
                  "ParentFlowPropertyM": {
                    "$ref": "105"
                  },
                  "Id": "20410991-c1cc-4322-8234-a46b8dd5f92e"
                },
                "EditorValue": {
                  "$id": "108",
                  "$type": "LeapTest.Models.Models.LDataTypes.LNumber, LeapTest.Models",
                  "Value": 3.0
                },
                "DefaultValue": {
                  "$ref": "108"
                },
                "Id": "f3f1b1c5-7e67-4d46-962e-6390f1e8058e"
              }
            ],
            "NumberPropertyKey": "WaitRequestsTimeout",
            "BooleanPropertyKey": "WaitRequests",
            "Key": "Request",
            "ParentBuildingBlock": {
              "$ref": "3"
            },
            "CanHaveValue": false,
            "Id": "22f3df77-11f5-416a-a5b4-74af7ada55e2"
          }
        ],
        "Height": 103.0,
        "Width": 150.0,
        "Title": "Click Web Element",
        "CreatedAt": "2018-02-01T14:20:06.1033752",
        "ModifiedAt": "2018-02-01T14:20:06.1033752",
        "Id": "7e6851a3-d762-4d08-aa25-53a65cecd008"
      },
      {
        "$id": "109",
        "$type": "LeapTest.Models.Models.BuildingBlocks.Web.TypeWebTextBuildingBlockModel, LeapTest.Models",
        "Position": "230,400",
        "FlowProperties": [
          {
            "$id": "110",
            "$type": "LeapTest.Models.Models.FlowProperties.HeaderFlowProperty, LeapTest.Models",
            "Title": "Type Web Text",
            "Key": "Header",
            "PropertyType": "Execution",
            "ParentBuildingBlock": {
              "$ref": "109"
            },
            "InputConnector": {
              "$id": "111",
              "ParentFlowPropertyM": {
                "$ref": "110"
              },
              "Direction": "Input",
              "connectedIds": [
                {
                  "$id": "112",
                  "Item1": "7e6851a3-d762-4d08-aa25-53a65cecd008",
                  "Item2": "b8f91ab6-64b5-4ac5-9d82-1c1425318c9d"
                }
              ],
              "Id": "4cc73aee-eaa3-41b8-bc4d-05504076bc0f"
            },
            "OutputConnector": {
              "$id": "113",
              "ParentFlowPropertyM": {
                "$ref": "110"
              },
              "connectedIds": [
                {
                  "$id": "114",
                  "Item1": "3ae6aa5f-95e1-4683-9c8e-6a5e518133b2",
                  "Item2": "7021b457-01dc-4eda-858d-c6e359519e6d"
                }
              ],
              "Id": "689356be-7ccf-4cd5-91b8-67697b278479"
            },
            "CanHaveValue": false,
            "Id": "450725e6-ebb5-46ca-9958-86e5f967eef7"
          },
          {
            "$id": "115",
            "$type": "LeapTest.Models.Models.FlowProperties.BlockFlowProperties.TypeTextBlockFlowProperty, LeapTest.Models",
            "IsAddFieldVisible": true,
            "FlowProperties": [
              {
                "$id": "116",
                "$type": "LeapTest.Models.Models.FlowProperties.DataTypeFlowProperties.TokenizedTextFlowProperty, LeapTest.Models",
                "CanCaptureKeystrokes": true,
                "Key": "TokenizedText",
                "IsMain": true,
                "ParentBuildingBlock": {
                  "$ref": "109"
                },
                "ParentFlowProperty": {
                  "$ref": "115"
                },
                "InputConnector": {
                  "$id": "117",
                  "ParentFlowPropertyM": {
                    "$ref": "116"
                  },
                  "Direction": "Input",
                  "Id": "322ce99c-702f-4226-91b8-d87d55cf8314"
                },
                "OutputConnector": {
                  "$id": "118",
                  "ParentFlowPropertyM": {
                    "$ref": "116"
                  },
                  "Id": "dff29fd7-3aa4-4970-a34f-67357ee3f6a0"
                },
                "EditorValue": {
                  "$id": "119",
                  "$type": "LeapTest.Models.Models.LDataTypes.LText, LeapTest.Models",
                  "Value": "Warsaw"
                },
                "Id": "93454590-238b-46ee-90ab-044959297431"
              },
              {
                "$id": "120",
                "$type": "LeapTest.Models.Models.FlowProperties.DataTypeFlowProperties.DictionaryFlowProperty, LeapTest.Models",
                "DictionaryKey": "InputTextMethod",
                "Key": "InputType",
                "ParentBuildingBlock": {
                  "$ref": "109"
                },
                "ParentFlowProperty": {
                  "$ref": "115"
                },
                "EditorValue": {
                  "$id": "121",
                  "$type": "LeapTest.Models.Models.LDataTypes.LText, LeapTest.Models",
                  "Value": "Text"
                },
                "DefaultValue": {
                  "$ref": "121"
                },
                "Id": "2bf83117-a631-47d4-9584-34281300a638"
              }
            ],
            "Key": "Text",
            "IsMain": true,
            "ParentBuildingBlock": {
              "$ref": "109"
            },
            "Id": "30e2f16a-7537-4ab2-82d3-19673ca76156"
          },
          {
            "$id": "122",
            "$type": "LeapTest.Models.Models.FlowProperties.DataTypeFlowProperties.BooleanFlowProperty, LeapTest.Models",
            "Key": "CheckBox",
            "ParentBuildingBlock": {
              "$ref": "109"
            },
            "InputConnector": {
              "$id": "123",
              "ParentFlowPropertyM": {
                "$ref": "122"
              },
              "Direction": "Input",
              "Id": "571cd6dd-574c-43b8-ac20-d094e28abbe0"
            },
            "OutputConnector": {
              "$id": "124",
              "ParentFlowPropertyM": {
                "$ref": "122"
              },
              "Id": "11e23568-18da-4d44-9f43-58acb9a3510f"
            },
            "EditorValue": {
              "$id": "125",
              "$type": "LeapTest.Models.Models.LDataTypes.LBoolean, LeapTest.Models"
            },
            "Id": "53d1eea4-f9fa-402c-9958-22d14cb665c9"
          },
          {
            "$id": "126",
            "$type": "LeapTest.Models.Models.FlowProperties.DataTypeFlowProperties.DictionaryFlowProperty, LeapTest.Models",
            "DictionaryKey": "KeySpeed",
            "Key": "KeySpeed",
            "ParentBuildingBlock": {
              "$ref": "109"
            },
            "EditorValue": {
              "$id": "127",
              "$type": "LeapTest.Models.Models.LDataTypes.LText, LeapTest.Models",
              "Value": "Fast"
            },
            "DefaultValue": {
              "$ref": "127"
            },
            "Id": "8c15fa58-350c-4945-981a-767e67ee53a9"
          },
          {
            "$id": "128",
            "$type": "LeapTest.Models.Models.FlowProperties.DataTypeFlowProperties.SignalFlowProperty, LeapTest.Models",
            "Key": "Source",
            "ParentBuildingBlock": {
              "$ref": "109"
            },
            "InputConnector": {
              "$id": "129",
              "ParentFlowPropertyM": {
                "$ref": "128"
              },
              "Direction": "Input",
              "Id": "0dbfbb45-f9df-4185-a98c-8f2f8d5213d8"
            },
            "OutputConnector": {
              "$id": "130",
              "ParentFlowPropertyM": {
                "$ref": "128"
              },
              "Id": "4c835c36-5617-4f1b-9019-7a837998bbb4"
            },
            "Id": "2938dc87-7279-47c6-ac43-9a6ce0530cb3"
          },
          {
            "$id": "131",
            "$type": "LeapTest.Models.Models.FlowProperties.DataTypeFlowProperties.SignalFlowProperty, LeapTest.Models",
            "Key": "BrowserWindow",
            "ParentBuildingBlock": {
              "$ref": "109"
            },
            "InputConnector": {
              "$id": "132",
              "ParentFlowPropertyM": {
                "$ref": "131"
              },
              "Direction": "Input",
              "Id": "7ed7670c-7220-49e2-8a36-738d8beda58a"
            },
            "OutputConnector": {
              "$id": "133",
              "ParentFlowPropertyM": {
                "$ref": "131"
              },
              "Id": "0f9c400e-b9a1-4035-a20a-7af3edb84aed"
            },
            "Id": "c5a590ab-b823-4247-9d6c-dd80b6001d98"
          }
        ],
        "Height": 141.0,
        "Width": 150.0,
        "Title": "Type Web Text",
        "CreatedAt": "2018-02-01T14:20:15.9235465",
        "ModifiedAt": "2018-02-01T14:20:15.9235465",
        "Id": "c5c403c1-3172-42ae-9548-8c5dd9675ec8"
      },
      {
        "$id": "134",
        "$type": "LeapTest.Models.Models.BuildingBlocks.Web.ClickWebElementBuildingBlockModel, LeapTest.Models",
        "Position": "420,400",
        "FlowProperties": [
          {
            "$id": "135",
            "$type": "LeapTest.Models.Models.FlowProperties.HeaderFlowProperty, LeapTest.Models",
            "Title": "Click Web Element",
            "Key": "Header",
            "PropertyType": "Execution",
            "ParentBuildingBlock": {
              "$ref": "134"
            },
            "InputConnector": {
              "$id": "136",
              "ParentFlowPropertyM": {
                "$ref": "135"
              },
              "Direction": "Input",
              "connectedIds": [
                {
                  "$id": "137",
                  "Item1": "c5c403c1-3172-42ae-9548-8c5dd9675ec8",
                  "Item2": "689356be-7ccf-4cd5-91b8-67697b278479"
                }
              ],
              "Id": "7021b457-01dc-4eda-858d-c6e359519e6d"
            },
            "OutputConnector": {
              "$id": "138",
              "ParentFlowPropertyM": {
                "$ref": "135"
              },
              "connectedIds": [
                {
                  "$id": "139",
                  "Item1": "8673c3c1-03b5-437b-8036-455913bf9e1f",
                  "Item2": "64e9232f-f99f-4181-a3b9-28e1131f6050"
                }
              ],
              "Id": "f7733bfc-417e-4211-82b8-cca36817d7bc"
            },
            "CanHaveValue": false,
            "Id": "b0197997-d67e-41fb-9c4f-2c356313048a"
          },
          {
            "$id": "140",
            "$type": "LeapTest.Models.Models.FlowProperties.BlockFlowProperties.WebElementBlockFlowProperty, LeapTest.Models",
            "FlowProperties": [
              {
                "$id": "141",
                "$type": "LeapTest.Models.Models.FlowProperties.DataTypeFlowProperties.WebElementFlowProperty, LeapTest.Models",
                "Key": "WebElement",
                "IsMain": true,
                "ParentBuildingBlock": {
                  "$ref": "134"
                },
                "ParentFlowProperty": {
                  "$ref": "140"
                },
                "InputConnector": {
                  "$id": "142",
                  "ParentFlowPropertyM": {
                    "$ref": "141"
                  },
                  "Direction": "Input",
                  "Id": "d41f209e-5fa0-45ee-af98-39474da4c48b"
                },
                "OutputConnector": {
                  "$id": "143",
                  "ParentFlowPropertyM": {
                    "$ref": "141"
                  },
                  "Id": "43c65bee-c706-4021-b066-23bed283477c"
                },
                "EditorValue": {
                  "$id": "144",
                  "$type": "LeapTest.Models.Models.LDataTypes.LWebElement, LeapTest.Models",
                  "Value": {
                    "$id": "145",
                    "Id": "77f9f7f6-2b26-477a-b8f0-dea60ccbcad7"
                  }
                },
                "Id": "ca927536-ef33-4846-ac71-81b07e3e37bb"
              }
            ],
            "Key": "WebElementBlock",
            "IsMain": true,
            "ParentBuildingBlock": {
              "$ref": "134"
            },
            "CanHaveValue": false,
            "Id": "d1cc8fe6-6a6b-461c-9728-846d732b3cd3"
          },
          {
            "$id": "146",
            "$type": "LeapTest.Models.Models.FlowProperties.DataTypeFlowProperties.DictionaryFlowProperty, LeapTest.Models",
            "DictionaryKey": "MouseeSimpleButtonsDouble",
            "Key": "MouseButton",
            "ParentBuildingBlock": {
              "$ref": "134"
            },
            "EditorValue": {
              "$id": "147",
              "$type": "LeapTest.Models.Models.LDataTypes.LText, LeapTest.Models",
              "Value": "Left"
            },
            "DefaultValue": {
              "$ref": "147"
            },
            "Id": "2a683261-2118-44f2-9503-5a063259781a"
          },
          {
            "$id": "148",
            "$type": "LeapTest.Models.Models.FlowProperties.DataTypeFlowProperties.SignalFlowProperty, LeapTest.Models",
            "Key": "Found",
            "ParentBuildingBlock": {
              "$ref": "134"
            },
            "OutputConnector": {
              "$id": "149",
              "ParentFlowPropertyM": {
                "$ref": "148"
              },
              "Id": "d4f26784-c67c-484a-827e-ef1101507754"
            },
            "Id": "317af24d-ffe8-4f5f-bb70-332ccd1a3d6a"
          },
          {
            "$id": "150",
            "$type": "LeapTest.Models.Models.FlowProperties.DataTypeFlowProperties.SignalFlowProperty, LeapTest.Models",
            "Key": "NotFound",
            "PropertyType": "Execution",
            "ParentBuildingBlock": {
              "$ref": "134"
            },
            "OutputConnector": {
              "$id": "151",
              "ParentFlowPropertyM": {
                "$ref": "150"
              },
              "Id": "6c17cc5f-e6cf-4257-a685-58b2ac52fbde"
            },
            "CanHaveValue": false,
            "Id": "2f336f62-57fb-40b9-9599-cee30e989431"
          },
          {
            "$id": "152",
            "$type": "LeapTest.Models.Models.FlowProperties.BlockFlowProperties.PositionBlockFlowProperty, LeapTest.Models",
            "FlowProperties": [
              {
                "$id": "153",
                "$type": "LeapTest.Models.Models.FlowProperties.DataTypeFlowProperties.PositionFlowProperty, LeapTest.Models",
                "IsResult": true,
                "Key": "Position",
                "ParentBuildingBlock": {
                  "$ref": "134"
                },
                "ParentFlowProperty": {
                  "$ref": "152"
                },
                "OutputConnector": {
                  "$id": "154",
                  "ParentFlowPropertyM": {
                    "$ref": "153"
                  },
                  "Id": "51db1c9b-5350-4a90-81d6-eeedff1e08f5"
                },
                "Id": "eb958d0c-ddac-4e14-80c9-d54f944807a7"
              },
              {
                "$id": "155",
                "$type": "LeapTest.Models.Models.FlowProperties.DataTypeFlowProperties.NumberResultFlowProperty, LeapTest.Models",
                "Key": "X",
                "ParentBuildingBlock": {
                  "$ref": "134"
                },
                "ParentFlowProperty": {
                  "$ref": "152"
                },
                "OutputConnector": {
                  "$id": "156",
                  "ParentFlowPropertyM": {
                    "$ref": "155"
                  },
                  "Id": "812c942c-bd49-46f4-978f-8a1be639ce01"
                },
                "Id": "1b6fe623-a558-464a-a499-b5a32cd30274"
              },
              {
                "$id": "157",
                "$type": "LeapTest.Models.Models.FlowProperties.DataTypeFlowProperties.NumberResultFlowProperty, LeapTest.Models",
                "Key": "Y",
                "ParentBuildingBlock": {
                  "$ref": "134"
                },
                "ParentFlowProperty": {
                  "$ref": "152"
                },
                "OutputConnector": {
                  "$id": "158",
                  "ParentFlowPropertyM": {
                    "$ref": "157"
                  },
                  "Id": "3eb5c440-e64d-4bad-be21-8ffcb75082a5"
                },
                "Id": "94dee653-10ff-44a6-b426-ba265c560368"
              }
            ],
            "Key": "ResultPositionBlock",
            "ParentBuildingBlock": {
              "$ref": "134"
            },
            "Id": "a673a43c-5abf-4c75-9b68-ecc22893649a"
          },
          {
            "$id": "159",
            "$type": "LeapTest.Models.Models.FlowProperties.BlockFlowProperties.AreaBlockFlowProperty, LeapTest.Models",
            "FlowProperties": [
              {
                "$id": "160",
                "$type": "LeapTest.Models.Models.FlowProperties.DataTypeFlowProperties.AreaFlowProperty, LeapTest.Models",
                "IsResult": true,
                "Key": "Area",
                "ParentBuildingBlock": {
                  "$ref": "134"
                },
                "ParentFlowProperty": {
                  "$ref": "159"
                },
                "OutputConnector": {
                  "$id": "161",
                  "ParentFlowPropertyM": {
                    "$ref": "160"
                  },
                  "Id": "824bd34b-875f-4c39-9524-7099d02dd820"
                },
                "Id": "c13d7016-7514-485a-b348-d903d9c56555"
              },
              {
                "$id": "162",
                "$type": "LeapTest.Models.Models.FlowProperties.BlockFlowProperties.PositionBlockFlowProperty, LeapTest.Models",
                "FlowProperties": [
                  {
                    "$id": "163",
                    "$type": "LeapTest.Models.Models.FlowProperties.DataTypeFlowProperties.PositionFlowProperty, LeapTest.Models",
                    "IsResult": true,
                    "Key": "Position",
                    "ParentBuildingBlock": {
                      "$ref": "134"
                    },
                    "ParentFlowProperty": {
                      "$ref": "162"
                    },
                    "OutputConnector": {
                      "$id": "164",
                      "ParentFlowPropertyM": {
                        "$ref": "163"
                      },
                      "Id": "6442fabc-5f21-42e7-88a4-b1cf127712d8"
                    },
                    "Id": "f117fc20-fc0d-4147-a373-a00b628d97b0"
                  },
                  {
                    "$id": "165",
                    "$type": "LeapTest.Models.Models.FlowProperties.DataTypeFlowProperties.NumberResultFlowProperty, LeapTest.Models",
                    "Key": "X",
                    "ParentBuildingBlock": {
                      "$ref": "134"
                    },
                    "ParentFlowProperty": {
                      "$ref": "162"
                    },
                    "OutputConnector": {
                      "$id": "166",
                      "ParentFlowPropertyM": {
                        "$ref": "165"
                      },
                      "Id": "d53ec693-842d-4919-8004-3ef666334bcc"
                    },
                    "Id": "dc94a455-0efc-4f80-82c2-f93175a6a1c0"
                  },
                  {
                    "$id": "167",
                    "$type": "LeapTest.Models.Models.FlowProperties.DataTypeFlowProperties.NumberResultFlowProperty, LeapTest.Models",
                    "Key": "Y",
                    "ParentBuildingBlock": {
                      "$ref": "134"
                    },
                    "ParentFlowProperty": {
                      "$ref": "162"
                    },
                    "OutputConnector": {
                      "$id": "168",
                      "ParentFlowPropertyM": {
                        "$ref": "167"
                      },
                      "Id": "43fdfd9d-1056-4881-9a1f-818fcc20c7b1"
                    },
                    "Id": "809836a3-6526-463f-b147-cb3e7287dcb7"
                  }
                ],
                "Key": "Position",
                "ParentBuildingBlock": {
                  "$ref": "134"
                },
                "ParentFlowProperty": {
                  "$ref": "159"
                },
                "Id": "8a10ff0c-fae3-49ce-817a-f6462678fc0f"
              },
              {
                "$id": "169",
                "$type": "LeapTest.Models.Models.FlowProperties.BlockFlowProperties.PositionBlockFlowProperty, LeapTest.Models",
                "FlowProperties": [
                  {
                    "$id": "170",
                    "$type": "LeapTest.Models.Models.FlowProperties.DataTypeFlowProperties.PositionFlowProperty, LeapTest.Models",
                    "IsResult": true,
                    "CaptureType": "Rectangle",
                    "Key": "Position",
                    "ParentBuildingBlock": {
                      "$ref": "134"
                    },
                    "ParentFlowProperty": {
                      "$ref": "169"
                    },
                    "OutputConnector": {
                      "$id": "171",
                      "ParentFlowPropertyM": {
                        "$ref": "170"
                      },
                      "Id": "2c29a77b-d0cc-472e-b6e7-342bd40bd4f3"
                    },
                    "Id": "3d7c1988-5b35-44db-9e2c-c4f9309193f0"
                  },
                  {
                    "$id": "172",
                    "$type": "LeapTest.Models.Models.FlowProperties.DataTypeFlowProperties.NumberResultFlowProperty, LeapTest.Models",
                    "Key": "X",
                    "ParentBuildingBlock": {
                      "$ref": "134"
                    },
                    "ParentFlowProperty": {
                      "$ref": "169"
                    },
                    "OutputConnector": {
                      "$id": "173",
                      "ParentFlowPropertyM": {
                        "$ref": "172"
                      },
                      "Id": "b2853943-75b6-4eeb-8cfb-690e597d0f6c"
                    },
                    "Id": "6bf7e2db-0322-4f60-8246-290a58fa5152"
                  },
                  {
                    "$id": "174",
                    "$type": "LeapTest.Models.Models.FlowProperties.DataTypeFlowProperties.NumberResultFlowProperty, LeapTest.Models",
                    "Key": "Y",
                    "ParentBuildingBlock": {
                      "$ref": "134"
                    },
                    "ParentFlowProperty": {
                      "$ref": "169"
                    },
                    "OutputConnector": {
                      "$id": "175",
                      "ParentFlowPropertyM": {
                        "$ref": "174"
                      },
                      "Id": "604a3738-c83d-474b-96ef-84e49da4344a"
                    },
                    "Id": "b909d438-4a4a-4301-a120-a44635aca80a"
                  }
                ],
                "Key": "Size",
                "ParentBuildingBlock": {
                  "$ref": "134"
                },
                "ParentFlowProperty": {
                  "$ref": "159"
                },
                "Id": "2d84d232-b048-42b9-b572-b8e191933091"
              }
            ],
            "Key": "ResultAreaBlock",
            "ParentBuildingBlock": {
              "$ref": "134"
            },
            "Id": "5cc6c736-77ba-4419-b686-f2d30a93956e"
          },
          {
            "$id": "176",
            "$type": "LeapTest.Models.Models.FlowProperties.DataTypeFlowProperties.SignalFlowProperty, LeapTest.Models",
            "Key": "ValueA",
            "ParentBuildingBlock": {
              "$ref": "134"
            },
            "OutputConnector": {
              "$id": "177",
              "ParentFlowPropertyM": {
                "$ref": "176"
              },
              "Id": "02b306ba-3938-4427-9498-f9c4d594de5d"
            },
            "CanHaveValue": false,
            "Id": "732361ad-d86f-4f34-a97c-30b0e0863bee"
          },
          {
            "$id": "178",
            "$type": "LeapTest.Models.Models.FlowProperties.DataTypeFlowProperties.SignalFlowProperty, LeapTest.Models",
            "Key": "ValueB",
            "ParentBuildingBlock": {
              "$ref": "134"
            },
            "OutputConnector": {
              "$id": "179",
              "ParentFlowPropertyM": {
                "$ref": "178"
              },
              "Id": "d6381cbf-ff91-4184-9f76-538f6ebaeffb"
            },
            "CanHaveValue": false,
            "Id": "f5ecc031-4953-4723-aa49-d93b6aaf496f"
          },
          {
            "$id": "180",
            "$type": "LeapTest.Models.Models.FlowProperties.DataTypeFlowProperties.SignalFlowProperty, LeapTest.Models",
            "Key": "Visible",
            "ParentBuildingBlock": {
              "$ref": "134"
            },
            "OutputConnector": {
              "$id": "181",
              "ParentFlowPropertyM": {
                "$ref": "180"
              },
              "Id": "f406a396-c8e4-4d2b-8b3d-5e8879f94050"
            },
            "CanHaveValue": false,
            "Id": "b2a5443d-a3dd-4db0-ba4c-9881aa648240"
          },
          {
            "$id": "182",
            "$type": "LeapTest.Models.Models.FlowProperties.DataTypeFlowProperties.SignalFlowProperty, LeapTest.Models",
            "Key": "Index",
            "ParentBuildingBlock": {
              "$ref": "134"
            },
            "OutputConnector": {
              "$id": "183",
              "ParentFlowPropertyM": {
                "$ref": "182"
              },
              "Id": "dc59b037-e888-4dfb-b27c-f817abb4fd80"
            },
            "Id": "b2fc27c4-987e-4df8-911f-5444fff3e443"
          },
          {
            "$id": "184",
            "$type": "LeapTest.Models.Models.FlowProperties.DataTypeFlowProperties.SignalFlowProperty, LeapTest.Models",
            "Key": "Source",
            "ParentBuildingBlock": {
              "$ref": "134"
            },
            "InputConnector": {
              "$id": "185",
              "ParentFlowPropertyM": {
                "$ref": "184"
              },
              "Direction": "Input",
              "Id": "b92c1e3d-b3fe-4b48-8120-bd985c8a0975"
            },
            "OutputConnector": {
              "$id": "186",
              "ParentFlowPropertyM": {
                "$ref": "184"
              },
              "Id": "bd9bd994-2ae6-4477-8e9c-2968247e2767"
            },
            "Id": "57d43b1b-932c-4e53-be00-4dec90b7fce6"
          },
          {
            "$id": "187",
            "$type": "LeapTest.Models.Models.FlowProperties.DataTypeFlowProperties.SignalFlowProperty, LeapTest.Models",
            "Key": "BrowserWindow",
            "ParentBuildingBlock": {
              "$ref": "134"
            },
            "InputConnector": {
              "$id": "188",
              "ParentFlowPropertyM": {
                "$ref": "187"
              },
              "Direction": "Input",
              "Id": "10095c1d-70f7-4aa3-b36e-010524d4854b"
            },
            "OutputConnector": {
              "$id": "189",
              "ParentFlowPropertyM": {
                "$ref": "187"
              },
              "Id": "8ebfd9e6-c169-4c13-8956-a3819d0ecd3b"
            },
            "Id": "d2b9faf9-a3f8-4c80-9d54-88e64dab82ba"
          },
          {
            "$id": "190",
            "$type": "LeapTest.Models.Models.FlowProperties.BlockFlowProperties.DictionaryContentBlockFlowProperty, LeapTest.Models",
            "DictionaryKey": "UseOccurrence",
            "FlowProperties": [
              {
                "$id": "191",
                "$type": "LeapTest.Models.Models.FlowProperties.DataTypeFlowProperties.DictionaryFlowProperty, LeapTest.Models",
                "DictionaryKey": "UseOccurrence",
                "Key": "UseOccurrence",
                "ParentBuildingBlock": {
                  "$ref": "134"
                },
                "ParentFlowProperty": {
                  "$ref": "190"
                },
                "EditorValue": {
                  "$id": "192",
                  "$type": "LeapTest.Models.Models.LDataTypes.LText, LeapTest.Models",
                  "Value": "1"
                },
                "DefaultValue": {
                  "$ref": "192"
                },
                "Id": "e341dfbe-59f0-4b42-acc1-4d0459234d10"
              },
              {
                "$id": "193",
                "$type": "LeapTest.Models.Models.FlowProperties.DataTypeFlowProperties.NumberResultFlowProperty, LeapTest.Models",
                "Key": "CurrentIndex",
                "IsMain": true,
                "ParentBuildingBlock": {
                  "$ref": "134"
                },
                "ParentFlowProperty": {
                  "$ref": "190"
                },
                "OutputConnector": {
                  "$id": "194",
                  "ParentFlowPropertyM": {
                    "$ref": "193"
                  },
                  "Id": "1b53f9a4-b6af-4735-b88b-c2b5662504eb"
                },
                "Id": "500829ac-d620-4fa9-a015-348cc86f7a84"
              },
              {
                "$id": "195",
                "$type": "LeapTest.Models.Models.FlowProperties.DataTypeFlowProperties.SignalFlowProperty, LeapTest.Models",
                "Key": "Completed",
                "PropertyType": "Execution",
                "ParentBuildingBlock": {
                  "$ref": "134"
                },
                "ParentFlowProperty": {
                  "$ref": "190"
                },
                "OutputConnector": {
                  "$id": "196",
                  "ParentFlowPropertyM": {
                    "$ref": "195"
                  },
                  "Id": "e998b6b5-76ce-4712-9f41-677ed7b97bf2"
                },
                "CanHaveValue": false,
                "Id": "ff32d39e-7f10-41c9-9eae-74cbe98cb804"
              }
            ],
            "Key": "UseOccuranceBlock",
            "ParentBuildingBlock": {
              "$ref": "134"
            },
            "CanHaveValue": false,
            "Id": "61b324d1-24ab-4f6c-a24e-68fccbff2e85"
          },
          {
            "$id": "197",
            "$type": "LeapTest.Models.Models.FlowProperties.DataTypeFlowProperties.SignalFlowProperty, LeapTest.Models",
            "Key": "Count",
            "ParentBuildingBlock": {
              "$ref": "134"
            },
            "OutputConnector": {
              "$id": "198",
              "ParentFlowPropertyM": {
                "$ref": "197"
              },
              "Id": "9d478fcb-4bbf-4947-ae0f-efe139b7d34a"
            },
            "CanHaveValue": false,
            "Id": "c593f65d-a699-429a-bb1e-911248a14264"
          },
          {
            "$id": "199",
            "$type": "LeapTest.Models.Models.FlowProperties.DataTypeFlowProperties.NumberFlowProperty, LeapTest.Models",
            "Key": "Timeout",
            "ParentBuildingBlock": {
              "$ref": "134"
            },
            "InputConnector": {
              "$id": "200",
              "ParentFlowPropertyM": {
                "$ref": "199"
              },
              "Direction": "Input",
              "Id": "317e78da-79af-448d-8313-55f474c11d2f"
            },
            "OutputConnector": {
              "$id": "201",
              "ParentFlowPropertyM": {
                "$ref": "199"
              },
              "Id": "7fed38ff-c847-4639-8d75-4859d7fa0f62"
            },
            "EditorValue": {
              "$id": "202",
              "$type": "LeapTest.Models.Models.LDataTypes.LNumber, LeapTest.Models",
              "Value": 10.0
            },
            "DefaultValue": {
              "$ref": "202"
            },
            "Id": "b8cd5304-56a5-4ed4-ba0e-832b28d16252"
          },
          {
            "$id": "203",
            "$type": "LeapTest.Models.Models.FlowProperties.BlockFlowProperties.DictionaryContentBlockFlowProperty, LeapTest.Models",
            "DictionaryKey": "ScrollDirection",
            "FlowProperties": [
              {
                "$id": "204",
                "$type": "LeapTest.Models.Models.FlowProperties.DataTypeFlowProperties.DictionaryFlowProperty, LeapTest.Models",
                "DictionaryKey": "ExtendedDirectionVertical",
                "Key": "ScrollDirection",
                "ParentBuildingBlock": {
                  "$ref": "134"
                },
                "ParentFlowProperty": {
                  "$ref": "203"
                },
                "EditorValue": {
                  "$id": "205",
                  "$type": "LeapTest.Models.Models.LDataTypes.LText, LeapTest.Models",
                  "Value": "None"
                },
                "DefaultValue": {
                  "$ref": "205"
                },
                "Id": "da3994f3-b754-40ae-806d-d3687db2f6f3"
              },
              {
                "$id": "206",
                "$type": "LeapTest.Models.Models.FlowProperties.DataTypeFlowProperties.NumberFlowProperty, LeapTest.Models",
                "Key": "RepeatTimes",
                "ParentBuildingBlock": {
                  "$ref": "134"
                },
                "ParentFlowProperty": {
                  "$ref": "203"
                },
                "InputConnector": {
                  "$id": "207",
                  "ParentFlowPropertyM": {
                    "$ref": "206"
                  },
                  "Direction": "Input",
                  "Id": "adfbfa2a-9e6c-4120-beee-5376f1d1c0f1"
                },
                "OutputConnector": {
                  "$id": "208",
                  "ParentFlowPropertyM": {
                    "$ref": "206"
                  },
                  "Id": "981bd8a3-ed9c-4f5e-adc4-40151d2297f7"
                },
                "EditorValue": {
                  "$id": "209",
                  "$type": "LeapTest.Models.Models.LDataTypes.LNumber, LeapTest.Models",
                  "Value": 10.0
                },
                "DefaultValue": {
                  "$ref": "209"
                },
                "Id": "0f88ee1e-e7ae-4728-bd56-97d80cb359cf"
              },
              {
                "$id": "210",
                "$type": "LeapTest.Models.Models.FlowProperties.DataTypeFlowProperties.NumberFlowProperty, LeapTest.Models",
                "Key": "Amount",
                "ParentBuildingBlock": {
                  "$ref": "134"
                },
                "ParentFlowProperty": {
                  "$ref": "203"
                },
                "InputConnector": {
                  "$id": "211",
                  "ParentFlowPropertyM": {
                    "$ref": "210"
                  },
                  "Direction": "Input",
                  "Id": "f1510744-e7d0-46ca-9b08-e49d2dd7d1c9"
                },
                "OutputConnector": {
                  "$id": "212",
                  "ParentFlowPropertyM": {
                    "$ref": "210"
                  },
                  "Id": "b6943b2d-fcf0-401e-b306-a5ade338e506"
                },
                "EditorValue": {
                  "$id": "213",
                  "$type": "LeapTest.Models.Models.LDataTypes.LNumber, LeapTest.Models",
                  "Value": 3.0
                },
                "DefaultValue": {
                  "$ref": "213"
                },
                "Id": "c42b3e4e-48be-40ae-a78b-93a920624aa4"
              },
              {
                "$id": "214",
                "$type": "LeapTest.Models.Models.FlowProperties.DataTypeFlowProperties.NumberFlowProperty, LeapTest.Models",
                "Key": "Delay",
                "ParentBuildingBlock": {
                  "$ref": "134"
                },
                "ParentFlowProperty": {
                  "$ref": "203"
                },
                "InputConnector": {
                  "$id": "215",
                  "ParentFlowPropertyM": {
                    "$ref": "214"
                  },
                  "Direction": "Input",
                  "Id": "d7242290-5ea7-4594-b121-4a8b8cb6f1dd"
                },
                "OutputConnector": {
                  "$id": "216",
                  "ParentFlowPropertyM": {
                    "$ref": "214"
                  },
                  "Id": "ec962d54-7a42-4232-a2a5-7af10e56f611"
                },
                "EditorValue": {
                  "$id": "217",
                  "$type": "LeapTest.Models.Models.LDataTypes.LNumber, LeapTest.Models",
                  "Value": 0.5
                },
                "DefaultValue": {
                  "$ref": "217"
                },
                "Id": "0d356392-d97a-418f-b335-cb4d2f624077"
              }
            ],
            "Key": "ScrollBlock",
            "ParentBuildingBlock": {
              "$ref": "134"
            },
            "CanHaveValue": false,
            "Id": "879cdd72-460d-463c-9e0f-75470c8c3066"
          },
          {
            "$id": "218",
            "$type": "LeapTest.Models.Models.FlowProperties.DataTypeFlowProperties.BooleanFlowProperty, LeapTest.Models",
            "Key": "Validate",
            "ParentBuildingBlock": {
              "$ref": "134"
            },
            "InputConnector": {
              "$id": "219",
              "ParentFlowPropertyM": {
                "$ref": "218"
              },
              "Direction": "Input",
              "Id": "629951d5-ad11-4598-bf36-5cffd39a7521"
            },
            "OutputConnector": {
              "$id": "220",
              "ParentFlowPropertyM": {
                "$ref": "218"
              },
              "Id": "01e6eb89-5c9d-4415-8957-ace7ac1dc74a"
            },
            "EditorValue": {
              "$id": "221",
              "$type": "LeapTest.Models.Models.LDataTypes.LBoolean, LeapTest.Models",
              "Value": true
            },
            "Id": "d6323dfc-758d-4fd1-a38d-2f17c018d0c0"
          },
          {
            "$id": "222",
            "$type": "LeapTest.Models.Models.FlowProperties.BlockFlowProperties.BooleanNumberBlockFlowProperty, LeapTest.Models",
            "FlowProperties": [
              {
                "$id": "223",
                "$type": "LeapTest.Models.Models.FlowProperties.DataTypeFlowProperties.BooleanFlowProperty, LeapTest.Models",
                "Key": "WaitDOMChange",
                "ParentBuildingBlock": {
                  "$ref": "134"
                },
                "ParentFlowProperty": {
                  "$ref": "222"
                },
                "InputConnector": {
                  "$id": "224",
                  "ParentFlowPropertyM": {
                    "$ref": "223"
                  },
                  "Direction": "Input",
                  "Id": "463523da-8ce0-4b77-933f-361f1a038b0c"
                },
                "OutputConnector": {
                  "$id": "225",
                  "ParentFlowPropertyM": {
                    "$ref": "223"
                  },
                  "Id": "0a264f05-0b14-4d8c-8b63-cf8cb142757e"
                },
                "EditorValue": {
                  "$id": "226",
                  "$type": "LeapTest.Models.Models.LDataTypes.LBoolean, LeapTest.Models"
                },
                "Id": "813a6659-60d4-4c05-936b-28a058f82ccb"
              },
              {
                "$id": "227",
                "$type": "LeapTest.Models.Models.FlowProperties.DataTypeFlowProperties.NumberFlowProperty, LeapTest.Models",
                "Key": "WaitDOMChangeTimeout",
                "ParentBuildingBlock": {
                  "$ref": "134"
                },
                "ParentFlowProperty": {
                  "$ref": "222"
                },
                "InputConnector": {
                  "$id": "228",
                  "ParentFlowPropertyM": {
                    "$ref": "227"
                  },
                  "Direction": "Input",
                  "Id": "52255945-b7be-4353-9f8c-b435282d7a64"
                },
                "OutputConnector": {
                  "$id": "229",
                  "ParentFlowPropertyM": {
                    "$ref": "227"
                  },
                  "Id": "ff886988-64d1-4fcf-9c0d-c2d832d62392"
                },
                "EditorValue": {
                  "$id": "230",
                  "$type": "LeapTest.Models.Models.LDataTypes.LNumber, LeapTest.Models",
                  "Value": 3.0
                },
                "DefaultValue": {
                  "$ref": "230"
                },
                "Id": "cd8f8129-e463-4408-81aa-a39a8ed76ddf"
              }
            ],
            "NumberPropertyKey": "WaitDOMChangeTimeout",
            "BooleanPropertyKey": "WaitDOMChange",
            "Key": "DOMChange",
            "ParentBuildingBlock": {
              "$ref": "134"
            },
            "CanHaveValue": false,
            "Id": "37940823-29f2-4682-849e-c9486e88ae2f"
          },
          {
            "$id": "231",
            "$type": "LeapTest.Models.Models.FlowProperties.BlockFlowProperties.BooleanNumberBlockFlowProperty, LeapTest.Models",
            "FlowProperties": [
              {
                "$id": "232",
                "$type": "LeapTest.Models.Models.FlowProperties.DataTypeFlowProperties.BooleanFlowProperty, LeapTest.Models",
                "Key": "WaitRequests",
                "ParentBuildingBlock": {
                  "$ref": "134"
                },
                "ParentFlowProperty": {
                  "$ref": "231"
                },
                "InputConnector": {
                  "$id": "233",
                  "ParentFlowPropertyM": {
                    "$ref": "232"
                  },
                  "Direction": "Input",
                  "Id": "2ae4aee7-a305-43a5-9630-34d191622bd8"
                },
                "OutputConnector": {
                  "$id": "234",
                  "ParentFlowPropertyM": {
                    "$ref": "232"
                  },
                  "Id": "2fa9cd73-d732-4fbb-9a4a-a234b09f9ebd"
                },
                "EditorValue": {
                  "$id": "235",
                  "$type": "LeapTest.Models.Models.LDataTypes.LBoolean, LeapTest.Models"
                },
                "Id": "a018bfca-ea26-4293-ac88-ee93a72eb6e0"
              },
              {
                "$id": "236",
                "$type": "LeapTest.Models.Models.FlowProperties.DataTypeFlowProperties.NumberFlowProperty, LeapTest.Models",
                "Key": "WaitRequestsTimeout",
                "ParentBuildingBlock": {
                  "$ref": "134"
                },
                "ParentFlowProperty": {
                  "$ref": "231"
                },
                "InputConnector": {
                  "$id": "237",
                  "ParentFlowPropertyM": {
                    "$ref": "236"
                  },
                  "Direction": "Input",
                  "Id": "a687bbf8-58ab-4409-affc-202f750901f9"
                },
                "OutputConnector": {
                  "$id": "238",
                  "ParentFlowPropertyM": {
                    "$ref": "236"
                  },
                  "Id": "b832b409-a862-4475-9c67-1d0ff89c5009"
                },
                "EditorValue": {
                  "$id": "239",
                  "$type": "LeapTest.Models.Models.LDataTypes.LNumber, LeapTest.Models",
                  "Value": 3.0
                },
                "DefaultValue": {
                  "$ref": "239"
                },
                "Id": "c72fed87-408c-4763-aa10-707dda9b6237"
              }
            ],
            "NumberPropertyKey": "WaitRequestsTimeout",
            "BooleanPropertyKey": "WaitRequests",
            "Key": "Request",
            "ParentBuildingBlock": {
              "$ref": "134"
            },
            "CanHaveValue": false,
            "Id": "4758f64f-482f-44da-b82d-2d3a53569c1e"
          }
        ],
        "Height": 103.0,
        "Width": 150.0,
        "Title": "Click Web Element",
        "CreatedAt": "2018-02-01T14:20:06.1033752",
        "ModifiedAt": "2018-02-01T14:20:06.1033752",
        "Id": "3ae6aa5f-95e1-4683-9c8e-6a5e518133b2"
      },
      {
        "$id": "240",
        "$type": "LeapTest.Models.Models.BuildingBlocks.Web.TypeWebTextBuildingBlockModel, LeapTest.Models",
        "Position": "600,400",
        "FlowProperties": [
          {
            "$id": "241",
            "$type": "LeapTest.Models.Models.FlowProperties.HeaderFlowProperty, LeapTest.Models",
            "Title": "Type Web Text",
            "Key": "Header",
            "PropertyType": "Execution",
            "ParentBuildingBlock": {
              "$ref": "240"
            },
            "InputConnector": {
              "$id": "242",
              "ParentFlowPropertyM": {
                "$ref": "241"
              },
              "Direction": "Input",
              "connectedIds": [
                {
                  "$id": "243",
                  "Item1": "3ae6aa5f-95e1-4683-9c8e-6a5e518133b2",
                  "Item2": "f7733bfc-417e-4211-82b8-cca36817d7bc"
                }
              ],
              "Id": "64e9232f-f99f-4181-a3b9-28e1131f6050"
            },
            "OutputConnector": {
              "$id": "244",
              "ParentFlowPropertyM": {
                "$ref": "241"
              },
              "connectedIds": [
                {
                  "$id": "245",
                  "Item1": "4e1b9eb4-481f-4a60-b48c-0ab728c6e903",
                  "Item2": "ba393f5e-c25e-47b0-b402-ddb77b8886cc"
                }
              ],
              "Id": "c113af5f-c109-4b88-a149-bcb32915307d"
            },
            "CanHaveValue": false,
            "Id": "1281dafd-aafe-4575-93bf-40452030ef4e"
          },
          {
            "$id": "246",
            "$type": "LeapTest.Models.Models.FlowProperties.BlockFlowProperties.TypeTextBlockFlowProperty, LeapTest.Models",
            "IsAddFieldVisible": true,
            "FlowProperties": [
              {
                "$id": "247",
                "$type": "LeapTest.Models.Models.FlowProperties.DataTypeFlowProperties.TokenizedTextFlowProperty, LeapTest.Models",
                "CanCaptureKeystrokes": true,
                "Key": "TokenizedText",
                "IsMain": true,
                "ParentBuildingBlock": {
                  "$ref": "240"
                },
                "ParentFlowProperty": {
                  "$ref": "246"
                },
                "InputConnector": {
                  "$id": "248",
                  "ParentFlowPropertyM": {
                    "$ref": "247"
                  },
                  "Direction": "Input",
                  "Id": "0c367be8-0a94-44a1-96d0-257d5515d432"
                },
                "OutputConnector": {
                  "$id": "249",
                  "ParentFlowPropertyM": {
                    "$ref": "247"
                  },
                  "Id": "5c6d7c63-e365-493e-9a2f-5d500611cbf7"
                },
                "EditorValue": {
                  "$id": "250",
                  "$type": "LeapTest.Models.Models.LDataTypes.LText, LeapTest.Models",
                  "Value": "LPW23009"
                },
                "Id": "7ece811e-a52c-48cd-914c-bb909157309f"
              },
              {
                "$id": "251",
                "$type": "LeapTest.Models.Models.FlowProperties.DataTypeFlowProperties.DictionaryFlowProperty, LeapTest.Models",
                "DictionaryKey": "InputTextMethod",
                "Key": "InputType",
                "ParentBuildingBlock": {
                  "$ref": "240"
                },
                "ParentFlowProperty": {
                  "$ref": "246"
                },
                "EditorValue": {
                  "$id": "252",
                  "$type": "LeapTest.Models.Models.LDataTypes.LText, LeapTest.Models",
                  "Value": "Text"
                },
                "DefaultValue": {
                  "$ref": "252"
                },
                "Id": "b21a3b8c-a51d-4c73-84fc-283778fb9810"
              }
            ],
            "Key": "Text",
            "IsMain": true,
            "ParentBuildingBlock": {
              "$ref": "240"
            },
            "Id": "b4f85d85-3f85-4b90-8ce8-38dbbb772bbe"
          },
          {
            "$id": "253",
            "$type": "LeapTest.Models.Models.FlowProperties.DataTypeFlowProperties.BooleanFlowProperty, LeapTest.Models",
            "Key": "CheckBox",
            "ParentBuildingBlock": {
              "$ref": "240"
            },
            "InputConnector": {
              "$id": "254",
              "ParentFlowPropertyM": {
                "$ref": "253"
              },
              "Direction": "Input",
              "Id": "dc88a315-c9b8-44d4-a0b8-49c5786d5f77"
            },
            "OutputConnector": {
              "$id": "255",
              "ParentFlowPropertyM": {
                "$ref": "253"
              },
              "Id": "e2188223-70c8-4cf0-ab2d-e183a175df24"
            },
            "EditorValue": {
              "$id": "256",
              "$type": "LeapTest.Models.Models.LDataTypes.LBoolean, LeapTest.Models"
            },
            "Id": "77eb13b2-7ccb-40df-a8f1-e8b960871a6c"
          },
          {
            "$id": "257",
            "$type": "LeapTest.Models.Models.FlowProperties.DataTypeFlowProperties.DictionaryFlowProperty, LeapTest.Models",
            "DictionaryKey": "KeySpeed",
            "Key": "KeySpeed",
            "ParentBuildingBlock": {
              "$ref": "240"
            },
            "EditorValue": {
              "$id": "258",
              "$type": "LeapTest.Models.Models.LDataTypes.LText, LeapTest.Models",
              "Value": "Fast"
            },
            "DefaultValue": {
              "$ref": "258"
            },
            "Id": "5f37c26a-8913-475f-9876-e3b2bc464bde"
          },
          {
            "$id": "259",
            "$type": "LeapTest.Models.Models.FlowProperties.DataTypeFlowProperties.SignalFlowProperty, LeapTest.Models",
            "Key": "Source",
            "ParentBuildingBlock": {
              "$ref": "240"
            },
            "InputConnector": {
              "$id": "260",
              "ParentFlowPropertyM": {
                "$ref": "259"
              },
              "Direction": "Input",
              "Id": "d1406d33-77ec-4074-97a5-bbacd8ad78d6"
            },
            "OutputConnector": {
              "$id": "261",
              "ParentFlowPropertyM": {
                "$ref": "259"
              },
              "Id": "34fad682-b8dd-4c7c-b7e4-4f1bff14cfc2"
            },
            "Id": "74f80cde-ee1f-4e64-b403-0203c1afcc67"
          },
          {
            "$id": "262",
            "$type": "LeapTest.Models.Models.FlowProperties.DataTypeFlowProperties.SignalFlowProperty, LeapTest.Models",
            "Key": "BrowserWindow",
            "ParentBuildingBlock": {
              "$ref": "240"
            },
            "InputConnector": {
              "$id": "263",
              "ParentFlowPropertyM": {
                "$ref": "262"
              },
              "Direction": "Input",
              "Id": "e1d4a7a8-9e72-4607-9569-5fc0e4ced486"
            },
            "OutputConnector": {
              "$id": "264",
              "ParentFlowPropertyM": {
                "$ref": "262"
              },
              "Id": "55f86f6b-9cf2-4167-8922-226b4fd72b19"
            },
            "Id": "461066fb-5503-4013-a174-d893c991f61c"
          }
        ],
        "Height": 141.0,
        "Width": 150.0,
        "Title": "Type Web Text",
        "CreatedAt": "2018-02-01T14:20:15.9235465",
        "ModifiedAt": "2018-02-01T14:20:15.9235465",
        "Id": "8673c3c1-03b5-437b-8036-455913bf9e1f"
      },
      {
        "$id": "265",
        "$type": "LeapTest.Models.Models.BuildingBlocks.Miscellaneous.GroupExecutionInputBuildingBlockM, LeapTest.Models",
        "Position": "660,50",
        "FlowProperties": [
          {
            "$id": "266",
            "$type": "LeapTest.Models.Models.FlowProperties.HeaderFlowProperty, LeapTest.Models",
            "Title": "Execution Input",
            "Key": "Header",
            "PropertyType": "Execution",
            "ParentBuildingBlock": {
              "$ref": "265"
            },
            "InputConnector": {
              "$id": "267",
              "ParentFlowPropertyM": {
                "$ref": "266"
              },
              "Direction": "Input",
              "connectedIds": [
                {
                  "$id": "268",
                  "Item1": "09890c64-945d-43b0-b87c-12b8ad0a887c",
                  "Item2": "492ecc0b-c04d-4731-870e-c04082079b5b"
                }
              ],
              "Id": "635a5094-6bf6-4b8d-bab7-f1111f358d83"
            },
            "OutputConnector": {
              "$id": "269",
              "ParentFlowPropertyM": {
                "$ref": "266"
              },
              "connectedIds": [
                {
                  "$id": "270",
                  "Item1": "7e6851a3-d762-4d08-aa25-53a65cecd008",
                  "Item2": "b3743ab4-b626-440e-869d-1391cb51758b"
                }
              ],
              "Id": "5fea3f37-0f44-4c2a-8646-17dab1fc0234"
            },
            "CanHaveValue": false,
            "Id": "0212a84a-ad15-4174-86fe-92a3c4a41b82"
          }
        ],
        "Height": 58.0,
        "Width": 150.0,
        "Title": "Execution Input",
        "CreatedAt": "2018-02-01T14:22:48.4140892",
        "ModifiedAt": "2018-02-01T14:22:48.4140892",
        "Id": "385a5dc1-dd94-43c4-9fa8-1b5dbf555b84"
      },
      {
        "$id": "271",
        "$type": "LeapTest.Models.Models.BuildingBlocks.Miscellaneous.GroupExecutionOutputBuildingBlockM, LeapTest.Models",
        "Position": "860,400",
        "FlowProperties": [
          {
            "$id": "272",
            "$type": "LeapTest.Models.Models.FlowProperties.HeaderFlowProperty, LeapTest.Models",
            "Title": "Execution Output",
            "Key": "Header",
            "PropertyType": "Execution",
            "ParentBuildingBlock": {
              "$ref": "271"
            },
            "InputConnector": {
              "$id": "273",
              "ParentFlowPropertyM": {
                "$ref": "272"
              },
              "Direction": "Input",
              "connectedIds": [
                {
                  "$id": "274",
                  "Item1": "8673c3c1-03b5-437b-8036-455913bf9e1f",
                  "Item2": "c113af5f-c109-4b88-a149-bcb32915307d"
                }
              ],
              "Id": "ba393f5e-c25e-47b0-b402-ddb77b8886cc"
            },
            "OutputConnector": {
              "$id": "275",
              "ParentFlowPropertyM": {
                "$ref": "272"
              },
              "connectedIds": [
                {
                  "$id": "276",
                  "Item1": "09890c64-945d-43b0-b87c-12b8ad0a887c",
                  "Item2": "50066975-aff7-4e36-bdbe-bdb569e5d806"
                }
              ],
              "Id": "9ef5c214-362e-451c-98a2-b393f69365be"
            },
            "CanHaveValue": false,
            "Id": "ae400077-139a-46bc-9863-0a61c2eb66cc"
          }
        ],
        "Height": 58.0,
        "Width": 150.0,
        "Title": "Execution Output",
        "CreatedAt": "2018-02-01T14:23:12.4811622",
        "ModifiedAt": "2018-02-01T14:23:12.4811622",
        "Id": "4e1b9eb4-481f-4a60-b48c-0ab728c6e903"
      }
    ],
    "ZoomFactor": 75.0,
    "Size": "10000,10000",
    "CreatedAt": "2018-02-01T14:23:16.5802836",
    "ModifiedAt": "2018-02-01T14:23:16.5802836",
    "Id": "bbb64e22-8dae-4183-9202-5a8a2d75b716"
  },
  "Position": "3980,5430",
  "FlowProperties": [
    {
      "$id": "277",
      "$type": "LeapTest.Models.Models.FlowProperties.ModuleHeaderFlowProperty, LeapTest.Models",
      "Title": "New Custom Block",
      "Key": "Header",
      "PropertyType": "Execution",
      "ParentBuildingBlock": {
        "$ref": "1"
      },
      "CanHaveValue": false,
      "Id": "44192be2-c2d7-4f87-8fc4-490eb9820a09"
    },
    {
      "$id": "278",
      "$type": "LeapTest.Models.Models.FlowProperties.ModuleInputFlowProperty, LeapTest.Models",
      "TemplateId": "e7995f4c-ad91-4fc1-9096-f64e9cc1910c",
      "Title": "Execution Input",
      "Key": "ModuleInput",
      "PropertyType": "Execution",
      "ParentBuildingBlock": {
        "$ref": "1"
      },
      "InputConnector": {
        "$id": "279",
        "ParentFlowPropertyM": {
          "$ref": "278"
        },
        "Direction": "Input",
        "Id": "c6c910de-47fe-4038-886d-a826832a7cd7"
      },
      "OutputConnector": {
        "$id": "280",
        "ParentFlowPropertyM": {
          "$ref": "278"
        },
        "connectedIds": [
          {
            "$id": "281",
            "Item1": "385a5dc1-dd94-43c4-9fa8-1b5dbf555b84",
            "Item2": "635a5094-6bf6-4b8d-bab7-f1111f358d83"
          }
        ],
        "Id": "492ecc0b-c04d-4731-870e-c04082079b5b"
      },
      "Id": "e7995f4c-ad91-4fc1-9096-f64e9cc1910c"
    },
    {
      "$id": "282",
      "$type": "LeapTest.Models.Models.FlowProperties.ModuleOutputFlowProperty, LeapTest.Models",
      "TemplateId": "a188244c-73a7-4262-8e6e-3f16d6ee8fac",
      "Title": "Execution Output",
      "Key": "ModuleOutput",
      "PropertyType": "Execution",
      "ParentBuildingBlock": {
        "$ref": "1"
      },
      "InputConnector": {
        "$id": "283",
        "ParentFlowPropertyM": {
          "$ref": "282"
        },
        "Direction": "Input",
        "connectedIds": [
          {
            "$id": "284",
            "Item1": "4e1b9eb4-481f-4a60-b48c-0ab728c6e903",
            "Item2": "9ef5c214-362e-451c-98a2-b393f69365be"
          }
        ],
        "Id": "50066975-aff7-4e36-bdbe-bdb569e5d806"
      },
      "OutputConnector": {
        "$id": "285",
        "ParentFlowPropertyM": {
          "$ref": "282"
        },
        "Id": "7cabe108-85be-4ee2-abaf-21e0099bf173"
      },
      "Id": "be9ee6f0-d2d1-412b-844a-d889752fffd2"
    }
  ],
  "Title": "Fourth_Page_DCF",
  "CreatedAt": "2018-02-01T14:22:48.3910893",
  "ModifiedAt": "2018-02-01T14:22:48.3910893",
  "SortOrder": 2.0,
  "Id": "09890c64-945d-43b0-b87c-12b8ad0a887c"
}