{
  "$id": "1",
  "Flowchart": {
    "$id": "2",
    "Version": "2.24",
    "BuildingBlockMs": [
      {
        "$id": "3",
        "$type": "LeapTest.Models.Models.BuildingBlocks.Miscellaneous.StartBuildingBlockM, LeapTest.Models",
        "Position": "4770,4780",
        "FlowProperties": [
          {
            "$id": "4",
            "$type": "LeapTest.Models.Models.FlowProperties.HeaderFlowProperty, LeapTest.Models",
            "Title": "Start",
            "Key": "Header",
            "PropertyType": "Execution",
            "ParentBuildingBlock": {
              "$ref": "3"
            },
            "OutputConnector": {
              "$id": "5",
              "ParentFlowPropertyM": {
                "$ref": "4"
              },
              "connectedIds": [
                {
                  "$id": "6",
                  "Item1": "c73da7c6-9bf9-4dc5-a874-9cf4c285f6f8",
                  "Item2": "cd58a2c2-5f1b-4e83-9cad-774930928b18"
                }
              ],
              "Id": "af81fe11-8baa-48af-a8ac-4d1f7c45ea0d"
            },
            "CanHaveValue": false,
            "Id": "2555949d-1bd6-4aea-ba57-ba1431755681"
          },
          {
            "$id": "7",
            "$type": "LeapTest.Models.Models.FlowProperties.DataTypeFlowProperties.DictionaryFlowProperty, LeapTest.Models",
            "DictionaryKey": "StartAction",
            "Key": "StartAction",
            "IsMain": true,
            "ParentBuildingBlock": {
              "$ref": "3"
            },
            "EditorValue": {
              "$id": "8",
              "$type": "LeapTest.Models.Models.LDataTypes.LText, LeapTest.Models",
              "Value": "NoAction"
            },
            "DefaultValue": {
              "$ref": "8"
            },
            "Id": "f72e3207-ff8f-4bf3-b7b1-2466a1221f0a"
          }
        ],
        "Height": 84.0,
        "Width": 150.0,
        "IsExpanded": true,
        "Title": "Start",
        "CreatedAt": "2018-02-01T07:55:04.0756693",
        "ModifiedAt": "2018-02-01T07:55:04.0756693",
        "Id": "b2f172cf-e510-4622-9abe-643fd0589cf0"
      },
      {
        "$id": "9",
        "$type": "LeapTest.Models.Models.BuildingBlocks.Module.CustomBuildingBlockM, LeapTest.Models",
        "TemplateId": "7df01a96-2ff7-4a66-965a-230becefbde4",
        "Position": "5170,4790",
        "FlowProperties": [
          {
            "$id": "10",
            "$type": "LeapTest.Models.Models.FlowProperties.ModuleHeaderFlowProperty, LeapTest.Models",
            "Title": "TryDCFFORM",
            "Key": "Header",
            "PropertyType": "Execution",
            "ParentBuildingBlock": {
              "$ref": "9"
            },
            "CanHaveValue": false,
            "Id": "490e42d6-0247-4f43-86b8-2b9b6dbafb9a"
          },
          {
            "$id": "11",
            "$type": "LeapTest.Models.Models.FlowProperties.ModuleInputFlowProperty, LeapTest.Models",
            "TemplateId": "84da2e87-6a9f-4ad2-b447-999ef2e89908",
            "Title": "Execution Input",
            "Key": "ModuleInput",
            "PropertyType": "Execution",
            "ParentBuildingBlock": {
              "$ref": "9"
            },
            "InputConnector": {
              "$id": "12",
              "ParentFlowPropertyM": {
                "$ref": "11"
              },
              "Direction": "Input",
              "connectedIds": [
                {
                  "$id": "13",
                  "Item1": "c73da7c6-9bf9-4dc5-a874-9cf4c285f6f8",
                  "Item2": "89b5db34-2288-4430-9788-76665a73bcca"
                }
              ],
              "Id": "48bd1406-5d22-4aec-9de0-12812ee1f569"
            },
            "OutputConnector": {
              "$id": "14",
              "ParentFlowPropertyM": {
                "$ref": "11"
              },
              "Id": "12058bf2-a1ab-4ccc-b5d4-47c195f4e4c5"
            },
            "Id": "ab9240a0-9e9c-4011-bf49-b1c64305a4d9"
          }
        ],
        "Height": 58.0,
        "Width": 150.0,
        "Title": "TryDCFFORM",
        "CreatedAt": "2018-02-01T09:18:09.6444502",
        "ModifiedAt": "2018-02-01T09:18:09.6444502",
        "Id": "7df01a96-2ff7-4a66-965a-230becefbde4"
      },
      {
        "$id": "15",
        "$type": "LeapTest.Models.Models.BuildingBlocks.Web.StartWebBrowserBuildingBlockModel, LeapTest.Models",
        "Position": "4980,4770",
        "FlowProperties": [
          {
            "$id": "16",
            "$type": "LeapTest.Models.Models.FlowProperties.HeaderFlowProperty, LeapTest.Models",
            "Title": "Start Web Browser",
            "Key": "Header",
            "PropertyType": "Execution",
            "ParentBuildingBlock": {
              "$ref": "15"
            },
            "InputConnector": {
              "$id": "17",
              "ParentFlowPropertyM": {
                "$ref": "16"
              },
              "Direction": "Input",
              "connectedIds": [
                {
                  "$id": "18",
                  "Item1": "b2f172cf-e510-4622-9abe-643fd0589cf0",
                  "Item2": "af81fe11-8baa-48af-a8ac-4d1f7c45ea0d"
                }
              ],
              "Id": "cd58a2c2-5f1b-4e83-9cad-774930928b18"
            },
            "OutputConnector": {
              "$id": "19",
              "ParentFlowPropertyM": {
                "$ref": "16"
              },
              "connectedIds": [
                {
                  "$id": "20",
                  "Item1": "7df01a96-2ff7-4a66-965a-230becefbde4",
                  "Item2": "48bd1406-5d22-4aec-9de0-12812ee1f569"
                }
              ],
              "Id": "89b5db34-2288-4430-9788-76665a73bcca"
            },
            "CanHaveValue": false,
            "Id": "b321c172-01dc-4835-ab36-1c2d59b111bb"
          },
          {
            "$id": "21",
            "$type": "LeapTest.Models.Models.FlowProperties.DataTypeFlowProperties.DictionaryFlowProperty, LeapTest.Models",
            "DictionaryKey": "WebBrowser",
            "IsVertical": true,
            "Key": "StartAction",
            "IsMain": true,
            "ParentBuildingBlock": {
              "$ref": "15"
            },
            "InputConnector": {
              "$id": "22",
              "ParentFlowPropertyM": {
                "$ref": "21"
              },
              "Direction": "Input",
              "Id": "0b732f20-e9ba-4a78-9976-16a093bda073"
            },
            "EditorValue": {
              "$id": "23",
              "$type": "LeapTest.Models.Models.LDataTypes.LText, LeapTest.Models",
              "Value": "IE"
            },
            "DefaultValue": {
              "$id": "24",
              "$type": "LeapTest.Models.Models.LDataTypes.LText, LeapTest.Models",
              "Value": "Chrome"
            },
            "Id": "f786f075-81fa-4130-915a-49126763d214"
          },
          {
            "$id": "25",
            "$type": "LeapTest.Models.Models.FlowProperties.BlockFlowProperties.TypeTextBlockFlowProperty, LeapTest.Models",
            "IsAddFieldVisible": true,
            "FlowProperties": [
              {
                "$id": "26",
                "$type": "LeapTest.Models.Models.FlowProperties.DataTypeFlowProperties.TokenizedTextFlowProperty, LeapTest.Models",
                "Key": "TokenizedText",
                "IsMain": true,
                "ParentBuildingBlock": {
                  "$ref": "15"
                },
                "ParentFlowProperty": {
                  "$ref": "25"
                },
                "InputConnector": {
                  "$id": "27",
                  "ParentFlowPropertyM": {
                    "$ref": "26"
                  },
                  "Direction": "Input",
                  "Id": "541f3dd5-bada-4c4b-b752-7c59c4a97b0f"
                },
                "OutputConnector": {
                  "$id": "28",
                  "ParentFlowPropertyM": {
                    "$ref": "26"
                  },
                  "Id": "0c1b8777-b3d5-4c18-9f7b-a2d2a7e8b244"
                },
                "EditorValue": {
                  "$id": "29",
                  "$type": "LeapTest.Models.Models.LDataTypes.LText, LeapTest.Models",
                  "Value": "https://www.home.saxo/"
                },
                "Id": "afb2080c-23a1-4c40-9a5e-aedb1f18d1ef"
              }
            ],
            "Key": "Url",
            "IsMain": true,
            "ParentBuildingBlock": {
              "$ref": "15"
            },
            "Id": "3bc7be18-1a98-4ce0-9a91-f711e7135215"
          },
          {
            "$id": "30",
            "$type": "LeapTest.Models.Models.FlowProperties.DataTypeFlowProperties.DictionaryFlowProperty, LeapTest.Models",
            "DictionaryKey": "WindowMode",
            "IsVertical": true,
            "Key": "Mode",
            "ParentBuildingBlock": {
              "$ref": "15"
            },
            "EditorValue": {
              "$id": "31",
              "$type": "LeapTest.Models.Models.LDataTypes.LText, LeapTest.Models",
              "Value": "Maximized"
            },
            "DefaultValue": {
              "$id": "32",
              "$type": "LeapTest.Models.Models.LDataTypes.LText, LeapTest.Models",
              "Value": "Normal"
            },
            "Id": "119251b2-c7cb-40cb-ab69-f9a63f686198"
          },
          {
            "$id": "33",
            "$type": "LeapTest.Models.Models.FlowProperties.DataTypeFlowProperties.SignalFlowProperty, LeapTest.Models",
            "Key": "Incorrect",
            "PropertyType": "Execution",
            "ParentBuildingBlock": {
              "$ref": "15"
            },
            "OutputConnector": {
              "$id": "34",
              "ParentFlowPropertyM": {
                "$ref": "33"
              },
              "Id": "88c01651-d8fe-4d72-a7bc-e97af71f11eb"
            },
            "CanHaveValue": false,
            "Id": "61fc6070-8807-4eea-af9f-4e6718f6d2a5"
          },
          {
            "$id": "35",
            "$type": "LeapTest.Models.Models.FlowProperties.DataTypeFlowProperties.SignalFlowProperty, LeapTest.Models",
            "Key": "BrowserWindow",
            "ParentBuildingBlock": {
              "$ref": "15"
            },
            "OutputConnector": {
              "$id": "36",
              "ParentFlowPropertyM": {
                "$ref": "35"
              },
              "Id": "935160d0-e883-4435-ab76-e103a98becb4"
            },
            "Id": "0868ebbc-e71c-4fe6-a6e6-dc6ab3ad6601"
          },
          {
            "$id": "37",
            "$type": "LeapTest.Models.Models.FlowProperties.DataTypeFlowProperties.NumberFlowProperty, LeapTest.Models",
            "Key": "Timeout",
            "ParentBuildingBlock": {
              "$ref": "15"
            },
            "InputConnector": {
              "$id": "38",
              "ParentFlowPropertyM": {
                "$ref": "37"
              },
              "Direction": "Input",
              "Id": "b0c647b2-5262-4085-8983-edb26c6896fd"
            },
            "OutputConnector": {
              "$id": "39",
              "ParentFlowPropertyM": {
                "$ref": "37"
              },
              "Id": "b71ac741-902b-4a5c-b9b9-e95606c8f79f"
            },
            "EditorValue": {
              "$id": "40",
              "$type": "LeapTest.Models.Models.LDataTypes.LNumber, LeapTest.Models",
              "Value": 10.0
            },
            "DefaultValue": {
              "$ref": "40"
            },
            "Id": "adbb3e48-4c0a-421a-8d09-a9a23995cd89"
          }
        ],
        "Height": 208.0,
        "Width": 150.0,
        "Title": "Start Web Browser",
        "CreatedAt": "2018-02-01T09:28:54.2432503",
        "ModifiedAt": "2018-02-01T09:28:54.2432503",
        "Id": "c73da7c6-9bf9-4dc5-a874-9cf4c285f6f8"
      }
    ],
    "ZoomFactor": 75.0,
    "Position": "-3515.62741031177,-3494.05226376852",
    "Size": "10000,10000",
    "CreatedAt": "2018-02-01T12:17:49.5752573",
    "ModifiedAt": "2018-02-01T12:17:49.5752573",
    "Id": "184536a0-0b77-4a7e-a8fd-79ddc6a3c221"
  },
  "LastRun": "2018-02-02T14:08:58.2651964",
  "LastStatus": "Failed",
  "RunTime": "00:00:22.4090000",
  "IsFailedUnlessPassed": true,
  "TimeOut": 600,
  "CaseType": "Web",
  "Title": "BuisnessFlows_DCF_TryTheDemo_IE",
  "CreatedAt": "2018-02-01T12:17:49.5752573",
  "ModifiedAt": "2018-02-01T12:17:49.5752573",
  "SortOrder": 2.0,
  "Id": "c1f79e4a-4504-4f51-bef2-9762652f6bef"
}