{
  "$id": "1",
  "Flowchart": {
    "$id": "2",
    "Version": "2.24",
    "BuildingBlockMs": [
      {
        "$id": "3",
        "$type": "LeapTest.Models.Models.BuildingBlocks.Miscellaneous.StartBuildingBlockM, LeapTest.Models",
        "Position": "5000,5000",
        "FlowProperties": [
          {
            "$id": "4",
            "$type": "LeapTest.Models.Models.FlowProperties.HeaderFlowProperty, LeapTest.Models",
            "Title": "Start",
            "Key": "Header",
            "PropertyType": "Execution",
            "ParentBuildingBlock": {
              "$ref": "3"
            },
            "OutputConnector": {
              "$id": "5",
              "ParentFlowPropertyM": {
                "$ref": "4"
              },
              "connectedIds": [
                {
                  "$id": "6",
                  "Item1": "673de900-740f-4bc1-9a9a-e980cf6936b4",
                  "Item2": "0093f253-97f8-4531-9e16-cf139e9a5805"
                }
              ],
              "Id": "78e6653e-f4f0-4dfc-9e31-9999af0e2144"
            },
            "CanHaveValue": false,
            "Id": "662a639d-c658-43a0-8cd1-9ff1d95dd56c"
          },
          {
            "$id": "7",
            "$type": "LeapTest.Models.Models.FlowProperties.DataTypeFlowProperties.DictionaryFlowProperty, LeapTest.Models",
            "DictionaryKey": "StartAction",
            "Key": "StartAction",
            "IsMain": true,
            "ParentBuildingBlock": {
              "$ref": "3"
            },
            "EditorValue": {
              "$id": "8",
              "$type": "LeapTest.Models.Models.LDataTypes.LText, LeapTest.Models",
              "Value": "NoAction"
            },
            "DefaultValue": {
              "$ref": "8"
            },
            "Id": "25a218eb-0817-4190-821f-f17ca61f69a3"
          }
        ],
        "Height": 84.0,
        "Width": 150.0,
        "Title": "Start",
        "CreatedAt": "2018-02-01T09:44:29.408103",
        "ModifiedAt": "2018-02-01T09:44:29.408103",
        "Id": "0a8c3e4b-94ab-4018-911d-0b7eb9168526"
      },
      {
        "$id": "9",
        "$type": "LeapTest.Models.Models.BuildingBlocks.Web.StartWebBrowserBuildingBlockModel, LeapTest.Models",
        "Position": "5200,5000",
        "FlowProperties": [
          {
            "$id": "10",
            "$type": "LeapTest.Models.Models.FlowProperties.HeaderFlowProperty, LeapTest.Models",
            "Title": "Start Web Browser",
            "Key": "Header",
            "PropertyType": "Execution",
            "ParentBuildingBlock": {
              "$ref": "9"
            },
            "InputConnector": {
              "$id": "11",
              "ParentFlowPropertyM": {
                "$ref": "10"
              },
              "Direction": "Input",
              "connectedIds": [
                {
                  "$id": "12",
                  "Item1": "0a8c3e4b-94ab-4018-911d-0b7eb9168526",
                  "Item2": "78e6653e-f4f0-4dfc-9e31-9999af0e2144"
                }
              ],
              "Id": "0093f253-97f8-4531-9e16-cf139e9a5805"
            },
            "OutputConnector": {
              "$id": "13",
              "ParentFlowPropertyM": {
                "$ref": "10"
              },
              "connectedIds": [
                {
                  "$id": "14",
                  "Item1": "2f69c5be-8694-4341-8430-f8f04fc9d417",
                  "Item2": "7bec4c53-433e-47aa-b811-b820f0cea1d2"
                }
              ],
              "Id": "c98dc198-eb85-4764-8c79-4627bd9586dd"
            },
            "CanHaveValue": false,
            "Id": "f20bcaa3-b6c1-4f35-9d97-1ad958c6e303"
          },
          {
            "$id": "15",
            "$type": "LeapTest.Models.Models.FlowProperties.DataTypeFlowProperties.DictionaryFlowProperty, LeapTest.Models",
            "DictionaryKey": "WebBrowser",
            "IsVertical": true,
            "Key": "StartAction",
            "IsMain": true,
            "ParentBuildingBlock": {
              "$ref": "9"
            },
            "InputConnector": {
              "$id": "16",
              "ParentFlowPropertyM": {
                "$ref": "15"
              },
              "Direction": "Input",
              "Id": "07a47b53-71be-4f2f-a04e-8acc6de40e41"
            },
            "EditorValue": {
              "$id": "17",
              "$type": "LeapTest.Models.Models.LDataTypes.LText, LeapTest.Models",
              "Value": "IE"
            },
            "DefaultValue": {
              "$id": "18",
              "$type": "LeapTest.Models.Models.LDataTypes.LText, LeapTest.Models",
              "Value": "Chrome"
            },
            "Id": "fe351e3b-5171-4d6f-8164-57d47e08ba17"
          },
          {
            "$id": "19",
            "$type": "LeapTest.Models.Models.FlowProperties.BlockFlowProperties.TypeTextBlockFlowProperty, LeapTest.Models",
            "IsAddFieldVisible": true,
            "FlowProperties": [
              {
                "$id": "20",
                "$type": "LeapTest.Models.Models.FlowProperties.DataTypeFlowProperties.TokenizedTextFlowProperty, LeapTest.Models",
                "Key": "TokenizedText",
                "IsMain": true,
                "ParentBuildingBlock": {
                  "$ref": "9"
                },
                "ParentFlowProperty": {
                  "$ref": "19"
                },
                "InputConnector": {
                  "$id": "21",
                  "ParentFlowPropertyM": {
                    "$ref": "20"
                  },
                  "Direction": "Input",
                  "Id": "ecab8afb-bdc6-4c62-bf1a-59e08c3ec68e"
                },
                "OutputConnector": {
                  "$id": "22",
                  "ParentFlowPropertyM": {
                    "$ref": "20"
                  },
                  "Id": "c249b9f0-94cf-4f32-9a27-470ebcdea361"
                },
                "EditorValue": {
                  "$id": "23",
                  "$type": "LeapTest.Models.Models.LDataTypes.LText, LeapTest.Models",
                  "Value": "https://www.home.saxo/accounts/password-reset"
                },
                "Id": "38e532aa-2df2-40b8-bdf9-871ed0c3ff94"
              }
            ],
            "Key": "Url",
            "IsMain": true,
            "ParentBuildingBlock": {
              "$ref": "9"
            },
            "Id": "e9720f88-9f05-4b7d-b000-2aa1f76663e1"
          },
          {
            "$id": "24",
            "$type": "LeapTest.Models.Models.FlowProperties.DataTypeFlowProperties.DictionaryFlowProperty, LeapTest.Models",
            "DictionaryKey": "WindowMode",
            "IsVertical": true,
            "Key": "Mode",
            "ParentBuildingBlock": {
              "$ref": "9"
            },
            "EditorValue": {
              "$id": "25",
              "$type": "LeapTest.Models.Models.LDataTypes.LText, LeapTest.Models",
              "Value": "Maximized"
            },
            "DefaultValue": {
              "$id": "26",
              "$type": "LeapTest.Models.Models.LDataTypes.LText, LeapTest.Models",
              "Value": "Normal"
            },
            "Id": "a3aaf1e2-ac40-4f24-98cf-fe26fef89e65"
          },
          {
            "$id": "27",
            "$type": "LeapTest.Models.Models.FlowProperties.DataTypeFlowProperties.SignalFlowProperty, LeapTest.Models",
            "Key": "Incorrect",
            "PropertyType": "Execution",
            "ParentBuildingBlock": {
              "$ref": "9"
            },
            "OutputConnector": {
              "$id": "28",
              "ParentFlowPropertyM": {
                "$ref": "27"
              },
              "Id": "cf5409b5-353e-4926-a3de-9bf27c20a862"
            },
            "CanHaveValue": false,
            "Id": "9c02f518-daad-4cb8-9b50-7436920fb7a0"
          },
          {
            "$id": "29",
            "$type": "LeapTest.Models.Models.FlowProperties.DataTypeFlowProperties.SignalFlowProperty, LeapTest.Models",
            "Key": "BrowserWindow",
            "ParentBuildingBlock": {
              "$ref": "9"
            },
            "OutputConnector": {
              "$id": "30",
              "ParentFlowPropertyM": {
                "$ref": "29"
              },
              "Id": "eed0b1c3-8c1b-4a81-9b59-9746c4a1d04e"
            },
            "Id": "f667e557-2ffc-4c8e-af9b-972e394db384"
          },
          {
            "$id": "31",
            "$type": "LeapTest.Models.Models.FlowProperties.DataTypeFlowProperties.NumberFlowProperty, LeapTest.Models",
            "Key": "Timeout",
            "ParentBuildingBlock": {
              "$ref": "9"
            },
            "InputConnector": {
              "$id": "32",
              "ParentFlowPropertyM": {
                "$ref": "31"
              },
              "Direction": "Input",
              "Id": "1ac3b1be-7fe2-4f27-95a4-862ac9c7f786"
            },
            "OutputConnector": {
              "$id": "33",
              "ParentFlowPropertyM": {
                "$ref": "31"
              },
              "Id": "d99b9bd8-fa50-4e73-80fc-f4885a8c36a3"
            },
            "EditorValue": {
              "$id": "34",
              "$type": "LeapTest.Models.Models.LDataTypes.LNumber, LeapTest.Models",
              "Value": 10.0
            },
            "DefaultValue": {
              "$ref": "34"
            },
            "Id": "5759e60f-9cf8-4d55-9a26-856548354c22"
          }
        ],
        "Height": 467.0,
        "Width": 150.0,
        "IsExpanded": true,
        "Title": "Start Web Browser",
        "CreatedAt": "2018-02-01T09:45:40.4717965",
        "ModifiedAt": "2018-02-01T09:45:40.4717965",
        "Id": "673de900-740f-4bc1-9a9a-e980cf6936b4"
      },
      {
        "$id": "35",
        "$type": "LeapTest.Models.Models.BuildingBlocks.Miscellaneous.PassBuildingBlockM, LeapTest.Models",
        "Position": "5590,5010",
        "FlowProperties": [
          {
            "$id": "36",
            "$type": "LeapTest.Models.Models.FlowProperties.HeaderFlowProperty, LeapTest.Models",
            "Title": "Pass",
            "Key": "Header",
            "PropertyType": "Execution",
            "ParentBuildingBlock": {
              "$ref": "35"
            },
            "InputConnector": {
              "$id": "37",
              "ParentFlowPropertyM": {
                "$ref": "36"
              },
              "Direction": "Input",
              "connectedIds": [
                {
                  "$id": "38",
                  "Item1": "2f69c5be-8694-4341-8430-f8f04fc9d417",
                  "Item2": "9c296087-b37e-4887-a059-94e21587f658"
                }
              ],
              "Id": "20983bf8-1fb3-49b6-8771-4f8b93dd0787"
            },
            "CanHaveValue": false,
            "Id": "6b9d84e7-d419-42cc-a939-4e0b75350e4e"
          },
          {
            "$id": "39",
            "$type": "LeapTest.Models.Models.FlowProperties.BlockFlowProperties.TypeTextBlockFlowProperty, LeapTest.Models",
            "IsAddFieldVisible": true,
            "FlowProperties": [
              {
                "$id": "40",
                "$type": "LeapTest.Models.Models.FlowProperties.DataTypeFlowProperties.TokenizedTextFlowProperty, LeapTest.Models",
                "Key": "TokenizedText",
                "ParentBuildingBlock": {
                  "$ref": "35"
                },
                "ParentFlowProperty": {
                  "$ref": "39"
                },
                "InputConnector": {
                  "$id": "41",
                  "ParentFlowPropertyM": {
                    "$ref": "40"
                  },
                  "Direction": "Input",
                  "Id": "6c3e290c-c1a3-4a4f-a820-b73d54e7d45e"
                },
                "Id": "ac744ef6-193f-496a-8b0a-af1d67275f08"
              }
            ],
            "Key": "Text",
            "ParentBuildingBlock": {
              "$ref": "35"
            },
            "Id": "51aa58ba-5afd-4166-9a79-ec5d136755a3"
          }
        ],
        "Height": 71.0,
        "Width": 150.0,
        "Title": "Pass",
        "CreatedAt": "2018-02-01T10:24:02.0147374",
        "ModifiedAt": "2018-02-01T10:24:02.0147374",
        "Id": "8d5cea0b-df75-401d-a2b8-4dd6f0750c58"
      },
      {
        "$id": "42",
        "$type": "LeapTest.Models.Models.BuildingBlocks.Module.CustomBuildingBlockM, LeapTest.Models",
        "TemplateId": "8d087aad-195c-4e60-8cc6-89c072d0641b",
        "Position": "5410,5010",
        "FlowProperties": [
          {
            "$id": "43",
            "$type": "LeapTest.Models.Models.FlowProperties.ModuleHeaderFlowProperty, LeapTest.Models",
            "Title": "PasswordReset",
            "Key": "Header",
            "PropertyType": "Execution",
            "ParentBuildingBlock": {
              "$ref": "42"
            },
            "CanHaveValue": false,
            "Id": "79084dfe-3819-4c1e-9754-3f106e2c076f"
          },
          {
            "$id": "44",
            "$type": "LeapTest.Models.Models.FlowProperties.ModuleInputFlowProperty, LeapTest.Models",
            "TemplateId": "07c3bcd5-737b-405b-99b3-398d5f078c7e",
            "Title": "Execution Input",
            "Key": "ModuleInput",
            "PropertyType": "Execution",
            "ParentBuildingBlock": {
              "$ref": "42"
            },
            "InputConnector": {
              "$id": "45",
              "ParentFlowPropertyM": {
                "$ref": "44"
              },
              "Direction": "Input",
              "connectedIds": [
                {
                  "$id": "46",
                  "Item1": "673de900-740f-4bc1-9a9a-e980cf6936b4",
                  "Item2": "c98dc198-eb85-4764-8c79-4627bd9586dd"
                }
              ],
              "Id": "7bec4c53-433e-47aa-b811-b820f0cea1d2"
            },
            "OutputConnector": {
              "$id": "47",
              "ParentFlowPropertyM": {
                "$ref": "44"
              },
              "Id": "4d34c594-0b3d-4fcd-833f-1f77185d4150"
            },
            "Id": "8d0abbe4-8eee-4eac-8b46-7da9094532dd"
          },
          {
            "$id": "48",
            "$type": "LeapTest.Models.Models.FlowProperties.ModuleOutputFlowProperty, LeapTest.Models",
            "TemplateId": "0d0212c5-eb3e-4254-8c4a-f3840161c04b",
            "Title": "Execution Output",
            "Key": "ModuleOutput",
            "PropertyType": "Execution",
            "ParentBuildingBlock": {
              "$ref": "42"
            },
            "InputConnector": {
              "$id": "49",
              "ParentFlowPropertyM": {
                "$ref": "48"
              },
              "Direction": "Input",
              "Id": "bc5c2550-6dd3-41dc-a6b1-21e4bac16e9a"
            },
            "OutputConnector": {
              "$id": "50",
              "ParentFlowPropertyM": {
                "$ref": "48"
              },
              "connectedIds": [
                {
                  "$id": "51",
                  "Item1": "8d5cea0b-df75-401d-a2b8-4dd6f0750c58",
                  "Item2": "20983bf8-1fb3-49b6-8771-4f8b93dd0787"
                }
              ],
              "Id": "9c296087-b37e-4887-a059-94e21587f658"
            },
            "Id": "959f5888-0dae-4caa-a2b4-749a6e7fb211"
          }
        ],
        "Height": 58.0,
        "Width": 150.0,
        "Title": "PasswordReset",
        "CreatedAt": "2018-02-01T10:25:41.731733",
        "ModifiedAt": "2018-02-01T10:25:41.731733",
        "Id": "2f69c5be-8694-4341-8430-f8f04fc9d417"
      }
    ],
    "ZoomFactor": 100.0,
    "Position": "-4962.81818181818,-4972.45454545455",
    "Size": "10000,10000",
    "CreatedAt": "2018-02-01T12:17:43.6472865",
    "ModifiedAt": "2018-02-01T12:17:43.6472865",
    "Id": "a430de83-fbd8-45c2-8fed-21808669b47d"
  },
  "LastRun": "2018-02-02T14:09:22.1047623",
  "LastStatus": "Passed",
  "RunTime": "00:00:31.8010000",
  "IsFailedUnlessPassed": true,
  "TimeOut": 600,
  "CaseType": "Web",
  "Title": "ResetPassswordForExistingDemoAccount",
  "CreatedAt": "2018-02-01T12:17:43.6472865",
  "ModifiedAt": "2018-02-01T12:17:43.6472865",
  "SortOrder": 3.0,
  "Id": "7ca8fc75-0cd4-434f-a381-91a2a54fcf27"
}