{
  "$id": "1",
  "FindCondition": {
    "$id": "2",
    "Strategies": [
      {
        "$id": "3",
        "StrategyType": "ParentBased",
        "Specifiers": [
          {
            "$id": "4",
            "$type": "LeapTest.Models.Models.Web.XPath.AxisSpecifiers.XSpecifier, LeapTest.Models",
            "Criterias": [
              {
                "$id": "5",
                "$type": "LeapTest.Models.Models.Web.XPath.Expressions.XAttributeExpression, LeapTest.Models",
                "Name": "class",
                "Value": "v2-navigation__top",
                "IsPositive": true
              }
            ],
            "XValue": "div",
            "SpecifierType": "Descended"
          }
        ],
        "IsSelectedForExecute": true
      },
      {
        "$id": "6",
        "StrategyType": "ParentBased",
        "Specifiers": [
          {
            "$id": "7",
            "$type": "LeapTest.Models.Models.Web.XPath.AxisSpecifiers.XSpecifier, LeapTest.Models",
            "Criterias": [],
            "XValue": "nav",
            "SpecifierType": "Descended"
          },
          {
            "$id": "8",
            "$type": "LeapTest.Models.Models.Web.XPath.AxisSpecifiers.XSpecifier, LeapTest.Models",
            "Criterias": [
              {
                "$id": "9",
                "$type": "LeapTest.Models.Models.Web.XPath.Expressions.XAttributeExpression, LeapTest.Models",
                "Name": "class",
                "Value": "v2-navigation__top",
                "IsPositive": true
              }
            ],
            "XValue": "div"
          }
        ]
      },
      {
        "$id": "10",
        "StrategyType": "ParentBased",
        "Specifiers": [
          {
            "$id": "11",
            "$type": "LeapTest.Models.Models.Web.XPath.AxisSpecifiers.XSpecifier, LeapTest.Models",
            "Criterias": [],
            "XValue": "nav",
            "SpecifierType": "Descended"
          },
          {
            "$id": "12",
            "$type": "LeapTest.Models.Models.Web.XPath.AxisSpecifiers.XSpecifier, LeapTest.Models",
            "Criterias": [
              {
                "$id": "13",
                "$type": "LeapTest.Models.Models.Web.XPath.Expressions.XTextExpression, LeapTest.Models",
                "Text": "☰ Login EN Why Saxo",
                "Condition": "StartWith",
                "IsPositive": true
              }
            ],
            "XValue": "div"
          }
        ]
      },
      {
        "$id": "14",
        "Specifiers": [
          {
            "$id": "15",
            "$type": "LeapTest.Models.Models.Web.XPath.AxisSpecifiers.XSpecifier, LeapTest.Models",
            "Criterias": [],
            "XValue": "nav",
            "SpecifierType": "Descended"
          },
          {
            "$id": "16",
            "$type": "LeapTest.Models.Models.Web.XPath.AxisSpecifiers.XSpecifier, LeapTest.Models",
            "Criterias": [],
            "Index": "1",
            "XValue": "div",
            "SpecifierType": "ChildNo"
          }
        ]
      }
    ],
    "Fields": {
      "$type": "System.Collections.Generic.List`1[[LeapTest.Models.Models.Web.WebItemDynamicFieldsModel, LeapTest.Models]], mscorlib",
      "$values": []
    },
    "Children": [],
    "CreatedAt": "2018-02-05T07:40:16.5398947",
    "ModifiedAt": "2018-02-05T07:40:16.5398947",
    "Id": "833fd6e0-8ddf-4269-a80c-04e64e547955"
  },
  "Uri": "https://www.home.saxo/",
  "Children": [],
  "Title": "Login EN Why Saxo Bank Platforms Products Pricing  ˂div˃",
  "Description": "New test web element Description",
  "CreatedAt": "2018-02-05T07:40:16.5474154",
  "ModifiedAt": "2018-02-05T07:40:16.5474154",
  "SortOrder": 2.0,
  "Id": "dc5a5f7c-0ca9-4f44-a525-9cb2e459f5bd"
}