{
  "$id": "1",
  "Flowchart": {
    "$id": "2",
    "Version": "2.24",
    "BuildingBlockMs": [
      {
        "$id": "3",
        "$type": "LeapTest.Models.Models.BuildingBlocks.Miscellaneous.StartBuildingBlockM, LeapTest.Models",
        "Position": "5000,5000",
        "FlowProperties": [
          {
            "$id": "4",
            "$type": "LeapTest.Models.Models.FlowProperties.HeaderFlowProperty, LeapTest.Models",
            "Title": "Start",
            "Key": "Header",
            "PropertyType": "Execution",
            "ParentBuildingBlock": {
              "$ref": "3"
            },
            "OutputConnector": {
              "$id": "5",
              "ParentFlowPropertyM": {
                "$ref": "4"
              },
              "Id": "13eecc5a-7b8e-4fd6-bce7-370c394a5d0d"
            },
            "CanHaveValue": false,
            "Id": "7153b7c4-3db3-4c98-8a5b-44a42e1ef8b7"
          },
          {
            "$id": "6",
            "$type": "LeapTest.Models.Models.FlowProperties.DataTypeFlowProperties.DictionaryFlowProperty, LeapTest.Models",
            "DictionaryKey": "StartAction",
            "Key": "StartAction",
            "IsMain": true,
            "ParentBuildingBlock": {
              "$ref": "3"
            },
            "EditorValue": {
              "$id": "7",
              "$type": "LeapTest.Models.Models.LDataTypes.LText, LeapTest.Models",
              "Value": "NoAction"
            },
            "DefaultValue": {
              "$ref": "7"
            },
            "Id": "08b0ad66-31ce-454a-aadc-bfac8df2d1c1"
          }
        ],
        "Height": 84.0,
        "Width": 150.0,
        "Title": "Start",
        "CreatedAt": "2018-02-02T06:30:00.7270106",
        "ModifiedAt": "2018-02-02T06:30:00.7270106",
        "Id": "53cfe8c8-a743-4f49-a4bf-29a1d0690a53"
      }
    ],
    "ZoomFactor": 100.0,
    "Position": "-4950,-4950",
    "Size": "10000,10000",
    "CreatedAt": "2018-02-02T08:49:00.2047871",
    "ModifiedAt": "2018-02-02T08:49:00.2047871",
    "Id": "b57e44fa-8c47-42da-899b-a580a4cede50"
  },
  "IsFailedUnlessPassed": true,
  "TimeOut": 600,
  "Title": "My first case",
  "CreatedAt": "2018-02-02T08:49:00.2047871",
  "ModifiedAt": "2018-02-02T08:49:00.2047871",
  "SortOrder": 4.0,
  "Id": "06db1e6f-bbf2-44d2-8fe1-37c1e44cb4e6"
}